product_id,brand,name,price,category,category_code,gender,rating,review_count,link,crawled_at
4409510,해칭룸,Boxer Tee Dark Brown,78000원,상의,1,남성,4.8,6,https://www.musinsa.com/products/4409510,2025-04-01 16:06:40
4873644,레터프롬문,클레어 리본 러플 벌룬 블라우스 ( 스카이블루 ),79200원,상의,1,여성,0.0,0,https://www.musinsa.com/products/4873644,2025-04-01 16:06:47
1923595,브라바도,ACDC RNR TRAIN (BRENT2103),34200원,상의,1,남성,4.9,2189,https://www.musinsa.com/products/1923595,2025-04-01 16:06:55
4766713,라이크더모스트,베이직 라운드 골지 티셔츠_화이트,17800원,상의,1,여성,4.9,7,https://www.musinsa.com/products/4766713,2025-04-01 16:07:03
4198799,나이키,스포츠웨어 클럽 프렌치 테리 크루 M,75000원,상의,1,남성,4.8,112,https://www.musinsa.com/products/4198799,2025-04-01 16:07:11
4617497,푸마,Palermo Home Jersey Replica (77482301),64990원,상의,1,여성,4.9,104,https://www.musinsa.com/products/4617497,2025-04-01 16:07:17
3772530,리,우먼 유니온 로고 브이넥 크롭 맨투맨 아이보리,39500원,상의,1,여성,4.8,42,https://www.musinsa.com/products/3772530,2025-04-01 16:07:24
3282260,페플,플로우 크루넥 반팔 티셔츠 13종 2PACK SJST1408,34900원,상의,1,남성,4.8,500,https://www.musinsa.com/products/3282260,2025-04-01 16:07:33
4825783,슈퍼서브,스트라이프 래글런 긴팔티,34900원,상의,1,공용,4.8,6,https://www.musinsa.com/products/4825783,2025-04-01 16:07:40
4697298,그루브라임,남)세로스트라이프 기본 셔츠,10000원,상의,1,남성,4.7,11,https://www.musinsa.com/products/4697298,2025-04-01 16:07:49
4803519,아디다스,배기 핏 후디,88990원,상의,1,남성,5.0,1,https://www.musinsa.com/products/4803519,2025-04-01 16:07:56
4795734,칙스,루즈핏 스트라이프 롱 슬리브 멜란지,26800원,상의,1,여성,0.0,0,https://www.musinsa.com/products/4795734,2025-04-01 16:08:01
4776193,아디다스,오버사이즈 크루 스웨트셔츠,70990원,상의,1,남성,5.0,6,https://www.musinsa.com/products/4776193,2025-04-01 16:08:12
4841441,챔피온,베이직 반팔 티셔츠 2pack White/Navy2,44100원,상의,1,남성,5.0,3,https://www.musinsa.com/products/4841441,2025-04-01 16:08:20
4797409,후크,더 시티 체크셔츠 (파스텔 네이비),35900원,상의,1,남성,4.7,3,https://www.musinsa.com/products/4797409,2025-04-01 16:08:32
4191127,더마일,MILES 98 RAW CREW,20100원,상의,1,남성,4.8,378,https://www.musinsa.com/products/4191127,2025-04-01 16:08:37
3735622,반스,서울 나이트 반팔 티셔츠,45000원,상의,1,공용,4.9,31,https://www.musinsa.com/products/3735622,2025-04-01 16:08:42
4054546,트래블,세인트 피그먼트 반팔티 블랙 차콜,27900원,상의,1,공용,4.9,487,https://www.musinsa.com/products/4054546,2025-04-01 16:08:51
4813209,에잇세컨즈,멀티 스트라이프 긴팔티  블랙,31400원,상의,1,남성,0.0,0,https://www.musinsa.com/products/4813209,2025-04-01 16:08:55
4766693,라이크더모스트,베이직 라인 레이어드 티셔츠_차콜,19500원,상의,1,여성,5.0,1,https://www.musinsa.com/products/4766693,2025-04-01 16:09:00
4791731,스톤아일랜드,로고 패치 가먼트 다이드 반소매 티셔츠,175990원,상의,1,남성,0.0,0,https://www.musinsa.com/products/4791731,2025-04-01 16:09:07
4766698,라이크더모스트,셔링 포인트 오프 레이어드 티셔츠_소라,21600원,상의,1,여성,4.0,13,https://www.musinsa.com/products/4766698,2025-04-01 16:09:13
3836395,에스피오나지,Chambray Work Shirt Indigo,83200원,상의,1,공용,4.8,109,https://www.musinsa.com/products/3836395,2025-04-01 16:09:24
4766575,라이크더모스트,사이드 배색 오버핏 후디_인디핑크,40300원,상의,1,여성,5.0,1,https://www.musinsa.com/products/4766575,2025-04-01 16:09:30
4866282,아미,레드 하트 로고 티셔츠,149990원,상의,1,공용,5.0,1,https://www.musinsa.com/products/4866282,2025-04-01 16:09:36
4227261,겐조,보케 2.0 클래식 반소매 티셔츠,100990원,상의,1,남성,5.0,6,https://www.musinsa.com/products/4227261,2025-04-01 16:09:41
4841185,플리즈노팔로우,Nina Button Lace Long Sleeve Top (Baby Pink),81700원,상의,1,여성,4.9,19,https://www.musinsa.com/products/4841185,2025-04-01 16:09:46
4876410,토마스모어,페이퍼셔츠,56720원,상의,1,공용,5.0,3,https://www.musinsa.com/products/4876410,2025-04-01 16:09:50
4823441,러브이즈트루,FACE TEE(BLACK),35700원,상의,1,여성,5.0,2,https://www.musinsa.com/products/4823441,2025-04-01 16:09:56
4863390,유니온블루,HARD TWIST HENLEY,84550원,상의,1,남성,5.0,92,https://www.musinsa.com/products/4863390,2025-04-01 16:10:06
4703156,나이키,스포츠웨어 오버사이즈 긴소매 탑 W,69000원,상의,1,여성,4.7,7,https://www.musinsa.com/products/4703156,2025-04-01 16:10:14
3591152,디스이즈네버댓,Pins Hoodie Dark Green,49500원,상의,1,공용,4.8,21,https://www.musinsa.com/products/3591152,2025-04-01 16:10:21
4376749,더블유브이프로젝트,위드버니 후드 크림그레이 MJHD7748,38900원,상의,1,여성,4.7,45,https://www.musinsa.com/products/4376749,2025-04-01 16:10:28
3810210,아노블리어,타미아 스트라이프 코튼 셔츠,48800원,상의,1,공용,4.9,291,https://www.musinsa.com/products/3810210,2025-04-01 16:10:38
4811972,에잇세컨즈,사이드 셔링 스트랩 브이넥 풀오버  그레이,39900원,상의,1,여성,5.0,3,https://www.musinsa.com/products/4811972,2025-04-01 16:10:41
3995561,필루미네이트,테이핑 스포티 하프 집 업,37200원,상의,1,공용,4.8,141,https://www.musinsa.com/products/3995561,2025-04-01 16:10:56
4863411,유니온블루,HARD TWIST HENLEY,84550원,상의,1,남성,4.9,50,https://www.musinsa.com/products/4863411,2025-04-01 16:11:03
4074761,파브레가,오가닉 코튼 슬리브리스 (3COLOR),36900원,상의,1,남성,4.8,572,https://www.musinsa.com/products/4074761,2025-04-01 16:11:13
3039153,폴로 랄프 로렌,케이블 니트 코튼 스웨터,259000원,상의,1,남성,4.8,279,https://www.musinsa.com/products/3039153,2025-04-01 16:11:18
4261908,아웃스탠딩,STRIPE CREW NECK LONG SLEEVE_IVORY/NAVY,52200원,상의,1,남성,4.8,66,https://www.musinsa.com/products/4261908,2025-04-01 16:11:23
4794105,꼼파뇨,브레드 피그 반팔티 화이트,23400원,상의,1,여성,4.8,12,https://www.musinsa.com/products/4794105,2025-04-01 16:11:29
4750802,에스피오나지,Flying Tigers Heavyweight Sweatshirt Grey,69700원,상의,1,남성,5.0,8,https://www.musinsa.com/products/4750802,2025-04-01 16:11:34
3268629,브론슨,Vintage Short Sleeve Henley Tee Green,45900원,상의,1,남성,5.0,119,https://www.musinsa.com/products/3268629,2025-04-01 16:11:38
3482841,룩캐스트,샤니 브이넥 타이 블라우스 / CHANEY V NECK TIE BLOUSE_3colors,98560원,상의,1,여성,4.8,15,https://www.musinsa.com/products/3482841,2025-04-01 16:11:43
4133474,나이스고스트클럽,GHOSTSOULGIRL GYARU BIG BIG TEE_WHITE(NG2FMUT510A),53100원,상의,1,공용,4.9,289,https://www.musinsa.com/products/4133474,2025-04-01 16:11:47
3498169,디스이즈네버댓,(FW23) Arch,57000원,상의,1,공용,4.9,495,https://www.musinsa.com/products/3498169,2025-04-01 16:11:57
4841138,플리즈노팔로우,Chloe V Shirt Top (long ver.) (Deep Charcoal/Stripe),140600원,상의,1,여성,0.0,0,https://www.musinsa.com/products/4841138,2025-04-01 16:12:01
4259994,캘빈클라인 진,여성 차콜 히어로 모노로고 크루넥 반팔 티셔츠 40WL259 P7E,43310원,상의,1,여성,5.0,3,https://www.musinsa.com/products/4259994,2025-04-01 16:12:13
3204179,뉴발란스,NBNEE2A013 / 프로즌 쿨코튼 2,34930원,상의,1,남성,4.9,2787,https://www.musinsa.com/products/3204179,2025-04-01 16:12:18
4421997,펜필드,BEAGLE SCOUTS SWEAT HOODIE BEIGE_FQ4KT12F,35000원,상의,1,여성,5.0,6,https://www.musinsa.com/products/4421997,2025-04-01 16:12:24
4308285,그랜디오시티,릴렉스핏 무지 링클 셔츠 (소라),26900원,상의,1,남성,4.9,14,https://www.musinsa.com/products/4308285,2025-04-01 16:12:29
4790255,플리즈노팔로우,Dia Dot Sleeveless Top (Charcoal),42000원,상의,1,여성,0.0,0,https://www.musinsa.com/products/4790255,2025-04-01 16:12:34
4282181,로라로라,V NECK COLLAR STRIPE KNIT PULLOVER IVORY,80750원,상의,1,여성,4.9,9,https://www.musinsa.com/products/4282181,2025-04-01 16:12:38
4871206,프리즘웍스,STRIPE OVERSIZED RELAX TEE 003 _ BLACK,48600원,상의,1,남성,4.8,5,https://www.musinsa.com/products/4871206,2025-04-01 16:12:42
4698094,그루브라임,유니)화섬원단 파이핑 디테일 맨투맨 (LIGHT GREY),12900원,상의,1,남성,5.0,7,https://www.musinsa.com/products/4698094,2025-04-01 16:12:46
3969182,라이크더모스트,글로브 라운드 오버 반팔티셔츠_차콜,17900원,상의,1,남성,4.8,627,https://www.musinsa.com/products/3969182,2025-04-01 16:12:50
4543173,라이크더모스트,소프트 LTMT 오버 후드_와인,29900원,상의,1,남성,4.8,59,https://www.musinsa.com/products/4543173,2025-04-01 16:12:54
3794797,어반드레스,Bonnie Off,40600원,상의,1,여성,4.8,113,https://www.musinsa.com/products/3794797,2025-04-01 16:12:58
4785176,나이스고스트클럽,FFATS LOGO LAYERED SLEEVE TEE_NAVY(NG2FMFT585A),53100원,상의,1,여성,5.0,1,https://www.musinsa.com/products/4785176,2025-04-01 16:13:05
4389518,쿠어,헤어리 알파카 블렌드 크루넥 스웨터 (멜란지그레이),133200원,상의,1,남성,5.0,142,https://www.musinsa.com/products/4389518,2025-04-01 16:13:09
4768357,노스페이스,NM5MR00A 남성 코어 스웻셔츠_BLACK,80100원,상의,1,남성,5.0,2,https://www.musinsa.com/products/4768357,2025-04-01 16:13:13
4796424,스컬프터,Cottage Button Henley Gray,49400원,상의,1,여성,0.0,0,https://www.musinsa.com/products/4796424,2025-04-01 16:13:20
3876776,모즈모즈,피그먼트 댄싱캣 오버핏 반팔티셔츠 챠콜,29800원,상의,1,공용,4.9,643,https://www.musinsa.com/products/3876776,2025-04-01 16:13:25
3591261,펀치라인,오버트 맨투맨 5종 버건디 ISMT6224,34900원,상의,1,여성,4.8,139,https://www.musinsa.com/products/3591261,2025-04-01 16:13:33
1821755,메종미네드,MIXED BOUCLE KNIT HALF SLEEVE BLACK,43200원,상의,1,남성,4.8,3152,https://www.musinsa.com/products/1821755,2025-04-01 16:13:50
4844542,나이스고스트클럽,JUNJI ITO MANIAC TOMIE SLIM L/S TEE_PURPLE(NG2FSUM444B),59000원,상의,1,여성,4.6,13,https://www.musinsa.com/products/4844542,2025-04-01 16:13:57
3893124,시엔느,Sienne Lace Sweatshirts (Navy),83600원,상의,1,여성,4.7,224,https://www.musinsa.com/products/3893124,2025-04-01 16:14:01
4598769,로엠,타이 셔츠_RMYWE4TR15,29950원,상의,1,여성,4.5,2,https://www.musinsa.com/products/4598769,2025-04-01 16:14:05
2496148,폴로 랄프 로렌,롱슬리브 포플린 셔츠,219000원,상의,1,남성,4.9,235,https://www.musinsa.com/products/2496148,2025-04-01 16:14:09
4227265,겐조,갓츠 보케 클래식 반소매 티셔츠,120990원,상의,1,남성,5.0,7,https://www.musinsa.com/products/4227265,2025-04-01 16:14:18
2406919,폴로 랄프 로렌,커스텀핏 클래식 옥스포드 셔츠,139300원,상의,1,남성,4.9,2591,https://www.musinsa.com/products/2406919,2025-04-01 16:14:23
4790384,쿠어,타운슬럽 로우컷 롱 슬리브 (차콜그레이),63000원,상의,1,남성,4.6,5,https://www.musinsa.com/products/4790384,2025-04-01 16:14:27
4506838,라이크더모스트,1992 라이크더모스트 오버핏 후드_와인,35900원,상의,1,남성,4.8,68,https://www.musinsa.com/products/4506838,2025-04-01 16:14:32
4840955,스탠즈,멀티 스트라이프 롱슬리브 티셔츠_네이비,47900원,상의,1,남성,0.0,0,https://www.musinsa.com/products/4840955,2025-04-01 16:14:36
4253176,필루미네이트,웨키 체크 셔츠,39900원,상의,1,공용,4.8,164,https://www.musinsa.com/products/4253176,2025-04-01 16:14:41
4382060,퍼스텝,페인트쿨링 피그먼트 긴팔 빈티지로즈 BJLT4647,29800원,상의,1,남성,4.8,49,https://www.musinsa.com/products/4382060,2025-04-01 16:14:58
4421709,맨인스토어 프로덕트,피그먼트 헤비 스웨트 후디_Charcoal,64900원,상의,1,남성,4.8,338,https://www.musinsa.com/products/4421709,2025-04-01 16:15:03
4861747,디미트리블랙,VLAD 아트웍 나일론 배색 후드 티셔츠_네이비,39900원,상의,1,공용,5.0,4,https://www.musinsa.com/products/4861747,2025-04-01 16:15:11
4790240,플리즈노팔로우,Darlin shirring Long Sleeve top (Black),56050원,상의,1,여성,5.0,1,https://www.musinsa.com/products/4790240,2025-04-01 16:15:15
4865580,론론,DOT RUFFLE LONG SLEEVE T SHIRT GREY,59400원,상의,1,여성,0.0,0,https://www.musinsa.com/products/4865580,2025-04-01 16:15:20
4048232,마하그리드,EVA FOOTBALL JERSEY PURPLE(MG2EMMT504C),89000원,상의,1,남성,4.7,3,https://www.musinsa.com/products/4048232,2025-04-01 16:15:24
4764275,파타고니아,멘즈 보드숏 로고 포켓 리스판서빌리,83000원,상의,1,남성,5.0,2,https://www.musinsa.com/products/4764275,2025-04-01 16:15:32
4844543,나이스고스트클럽,JUNJI ITO MANIAC SOUICHI SLIM L/S TEE_WHITE(NG2FSUM445B),59000원,상의,1,여성,4.7,7,https://www.musinsa.com/products/4844543,2025-04-01 16:15:36
3328445,아디다스,70s 3S 스웨트셔츠,38990원,상의,1,여성,4.7,23,https://www.musinsa.com/products/3328445,2025-04-01 16:15:41
4849133,프리즘웍스,JOLLY ROGER MOBYDICK SWEATSHIRT _ OATMEAL,55800원,상의,1,남성,5.0,2,https://www.musinsa.com/products/4849133,2025-04-01 22:25:12
4240888,어반에이지,No Time 나그랑 롱슬리브_블랙,28800원,상의,1,남성,4.8,72,https://www.musinsa.com/products/4240888,2025-04-01 22:25:26
3934123,노스페이스,NM5MQ03M 화이트라벨 알바니 크루넥,68600원,상의,1,공용,4.8,31,https://www.musinsa.com/products/3934123,2025-04-01 22:25:30
4825150,플라스틱 아일랜드,셔츠 레이어드 니트 가디건 PR1KG233,89000원,상의,1,여성,0.0,0,https://www.musinsa.com/products/4825150,2025-04-01 22:25:35
4375768,리브레너,DTF 스탠다드 어프레이드  스웨츠 후디 블랙,35800원,상의,1,공용,4.6,182,https://www.musinsa.com/products/4375768,2025-04-01 22:25:39
4783223,윗,웨스턴 스웨이드 셔츠,68000원,상의,1,남성,5.0,1,https://www.musinsa.com/products/4783223,2025-04-01 22:25:57
3196733,생로랑,리브 고쉬 로고 후드,380990원,상의,1,남성,4.9,10,https://www.musinsa.com/products/3196733,2025-04-01 22:26:01
4765044,팬시클럽,레이스 스타 베이직 슬리브리스 (WHITE)_F25QB094,33150원,상의,1,여성,5.0,3,https://www.musinsa.com/products/4765044,2025-04-01 22:26:07
4412404,페플,뉴웨이브 메트로라인 기모 후드 버건디 YKHD1495,39800원,상의,1,남성,4.8,184,https://www.musinsa.com/products/4412404,2025-04-01 22:26:17
3758732,퍼스텝,백온트랙 후드 네이비 JUHD4595,43900원,상의,1,남성,4.9,73,https://www.musinsa.com/products/3758732,2025-04-01 22:26:21
1725916,닉앤니콜,CLASSICAL SOFT V SWEATER_4 COLOR,41300원,상의,1,여성,4.7,1079,https://www.musinsa.com/products/1725916,2025-04-01 22:26:26
4322783,레스아뜰리에,블런트 클래식 스트라이프 셔츠 (블루),53300원,상의,1,여성,4.7,62,https://www.musinsa.com/products/4322783,2025-04-01 22:26:30
4870380,애즈온,EYELET SLEEVELESS / BLACK,39000원,상의,1,여성,5.0,1,https://www.musinsa.com/products/4870380,2025-04-01 22:26:39
4345032,디스이즈네버댓,Arch,57000원,상의,1,공용,4.9,96,https://www.musinsa.com/products/4345032,2025-04-01 22:26:45
4762776,길라아카이브,STAR WING SHEER LONG SLEEVE_GY,59000원,상의,1,여성,5.0,1,https://www.musinsa.com/products/4762776,2025-04-01 22:27:12
4114456,리브레너,빈티지바이크 피그먼트 오버핏 반팔티셔츠 차콜,18900원,상의,1,공용,4.9,250,https://www.musinsa.com/products/4114456,2025-04-01 22:27:16
4806693,디젤,T 리니스 OD 민소매 티셔츠,180000원,상의,1,남성,0.0,0,https://www.musinsa.com/products/4806693,2025-04-01 22:27:31
3196754,페플,[2PACK] 뉴웨이브 크루즈 + 에잇티즈 반팔 티셔츠 2PACK (YKST1401+YKST1400),38900원,상의,1,남성,4.8,4456,https://www.musinsa.com/products/3196754,2025-04-01 22:27:35
3489057,로맨틱크라운,리버스 라인 포켓 크루넥_그레이,24960원,상의,1,여성,4.5,12,https://www.musinsa.com/products/3489057,2025-04-01 22:27:54
4487550,플레이스 스튜디오,머플러 세트 셔링 라운드넥 스판 배색 탑 롱슬리브 긴소매 티셔츠 [블랙],39200원,상의,1,여성,4.6,59,https://www.musinsa.com/products/4487550,2025-04-01 22:28:27
3724476,팀버랜드,TNT X TIMBERLAND Faded Hoodie,78990원,상의,1,공용,4.9,199,https://www.musinsa.com/products/3724476,2025-04-01 22:28:38
4159676,오오엠엘,슬림 크롭 백리본 티셔츠 (화이트),16210원,상의,1,여성,4.8,171,https://www.musinsa.com/products/4159676,2025-04-01 22:28:46
4798854,브론슨,Knight Motorcycle Short Sleeve Tee Navy,37800원,상의,1,남성,4.9,8,https://www.musinsa.com/products/4798854,2025-04-01 22:28:58
3807324,아웃스탠딩,BOAT NECK LONG SLEEVE_IVORY/NAVY,41600원,상의,1,남성,4.9,110,https://www.musinsa.com/products/3807324,2025-04-01 22:29:32
3370905,제이엘브,[2PACK] 스탠다드 무지 나시,54000원,상의,1,남성,4.6,193,https://www.musinsa.com/products/3370905,2025-04-01 22:29:39
4494301,마틴플랜,Martin Plan x Daily room Crop Shirt,89250원,상의,1,남성,4.8,71,https://www.musinsa.com/products/4494301,2025-04-01 22:29:49
4828783,꼼파뇨,소울메이트 피그먼트 후드티 애쉬퍼플,54600원,상의,1,여성,0.0,0,https://www.musinsa.com/products/4828783,2025-04-01 22:29:56
4609642,리메인세컨드,오버핏 볼륨 워셔블 니트 패키지_4STYLE,28900원,상의,1,공용,4.7,91,https://www.musinsa.com/products/4609642,2025-04-01 22:30:08
3186173,메종 마르지엘라,페이디드 로고 패치 후드,306990원,상의,1,여성,0.0,0,https://www.musinsa.com/products/3186173,2025-04-01 22:30:15
4734238,바켄,베이직 스티치 포인트 스웨트셔츠 BK5960_스카이블루,49900원,상의,1,여성,5.0,5,https://www.musinsa.com/products/4734238,2025-04-01 22:30:23
4452095,퍼스트플로어,"새커 셔츠 레귤러 핏 (40수, 라벤더 그레이)",65400원,상의,1,남성,5.0,8,https://www.musinsa.com/products/4452095,2025-04-01 22:30:37
4755266,아웃스탠딩,MULTI STRIPE CREW NECK LONG SLEEVE_IVORY/BLACK,46400원,상의,1,남성,4.7,13,https://www.musinsa.com/products/4755266,2025-04-01 22:30:45
4830096,레터프롬문,로고 실버 자수 레이어드 티셔츠 ( 멜란지그레이 ),58900원,상의,1,여성,0.0,0,https://www.musinsa.com/products/4830096,2025-04-01 22:31:06
4175458,라이크더모스트,라이딩 바이크 오버 티셔츠 3colors,27900원,상의,1,남성,4.8,2431,https://www.musinsa.com/products/4175458,2025-04-01 22:31:27
4012745,스컬프터,Archive Pigment Baby Tee Dusty Brown,39200원,상의,1,여성,4.8,224,https://www.musinsa.com/products/4012745,2025-04-01 22:31:44
4452669,세터,스트라이프 피케 폴로 롱 슬리브 딥 그린,90300원,상의,1,남성,4.9,10,https://www.musinsa.com/products/4452669,2025-04-01 22:31:51
4384142,마뗑킴,COLOR LINE POINT LOGO KNIT PULLOVER IN IVORY,148000원,상의,1,여성,4.9,46,https://www.musinsa.com/products/4384142,2025-04-01 22:32:01
4841206,플리즈노팔로우,Hayden Unbal Shirring Long Sleeve Top (Blue Navy),68400원,상의,1,여성,4.9,10,https://www.musinsa.com/products/4841206,2025-04-01 22:32:08
4055779,디미트리블랙,VLAD 워시드 케이블 반팔 라운드 니트_3COLOR,36900원,상의,1,공용,4.8,239,https://www.musinsa.com/products/4055779,2025-04-01 22:32:27
4012731,스컬프터,My Go To Tank Top Raw,15900원,상의,1,여성,4.8,392,https://www.musinsa.com/products/4012731,2025-04-01 22:32:38
2475760,프린트스타,[3PACK] 32수 라이트 코튼 반팔 티셔츠,24500원,상의,1,남성,4.7,2243,https://www.musinsa.com/products/2475760,2025-04-01 22:32:45
3929185,예일,[2PACK] EMBROIDERY DAN T,29000원,상의,1,공용,4.8,1153,https://www.musinsa.com/products/3929185,2025-04-01 22:32:49
4796684,디미트리블랙,VLAD 데님 아플리케 후드 티셔츠_더스트 인디고,39900원,상의,1,공용,4.7,29,https://www.musinsa.com/products/4796684,2025-04-01 22:33:05
4482547,스탠다드에러,87,18900원,상의,1,공용,4.8,76,https://www.musinsa.com/products/4482547,2025-04-01 22:33:16
2766779,어나더 아카이브,에센셜 시그니쳐 자수 후드티_그레이,29900원,상의,1,공용,4.7,542,https://www.musinsa.com/products/2766779,2025-04-01 22:33:34
3901634,어반드레스,Collar Slit Knit,48300원,상의,1,여성,4.7,148,https://www.musinsa.com/products/3901634,2025-04-01 22:33:41
4833533,벤힛,MRT 카모 레글런 롱슬리브,24600원,상의,1,여성,5.0,2,https://www.musinsa.com/products/4833533,2025-04-01 22:33:51
4208144,나이키,스포츠웨어 클럽 티셔츠 M,39000원,상의,1,남성,4.7,23,https://www.musinsa.com/products/4208144,2025-04-01 22:33:58
4787720,스컬프터,Rosetta Baby Shirt Ivory,113050원,상의,1,여성,5.0,1,https://www.musinsa.com/products/4787720,2025-04-01 22:34:15
3981767,어반에이지,Cold Water Plz 오버 후드_네이비,35800원,상의,1,공용,4.8,65,https://www.musinsa.com/products/3981767,2025-04-01 22:34:30
4148431,바우로 프로덕트,리브드 로고 슬리브리스 [그레이],23800원,상의,1,남성,4.9,592,https://www.musinsa.com/products/4148431,2025-04-01 22:34:36
4841194,플리즈노팔로우,Clara Kill Hill Long Sleeve Top(Scarf Set) (Ivory),87400원,상의,1,여성,5.0,2,https://www.musinsa.com/products/4841194,2025-04-01 22:34:46
3826485,리메인세컨드,시티보이 오버핏 워싱 데님 셔츠 [중청],27800원,상의,1,남성,4.7,543,https://www.musinsa.com/products/3826485,2025-04-01 22:34:49
4825752,아웃스탠딩,AFTER HOOD SWEAT_3%MELANGE GRAY,85500원,상의,1,남성,5.0,2,https://www.musinsa.com/products/4825752,2025-04-01 22:35:13
4261907,아웃스탠딩,STRIPE CREW NECK LONG SLEEVE_BLUE/NAVY,40600원,상의,1,남성,4.9,30,https://www.musinsa.com/products/4261907,2025-04-01 22:35:43
4036970,굿라이프웍스,오버사이즈 옴브레 체크 셔츠 블루,39800원,상의,1,공용,4.7,307,https://www.musinsa.com/products/4036970,2025-04-01 22:35:50
4211588,해칭룸,Ghost Cat Tee Charcoal,68000원,상의,1,남성,4.7,14,https://www.musinsa.com/products/4211588,2025-04-01 22:36:15
1856360,캘빈클라인 진,[2PACK] 남녀공용 로고 솔리드 반팔 티셔츠 4RAB217 UB1,75650원,상의,1,공용,4.8,1080,https://www.musinsa.com/products/1856360,2025-04-01 22:36:22
4414840,후크,빈티지 스트라이프 셔츠 (블랙),43900원,상의,1,남성,4.3,24,https://www.musinsa.com/products/4414840,2025-04-01 22:36:29
4707550,맨인스토어 프로덕트,[2PACK] 플랜 헨리넥 니트,69900원,상의,1,남성,5.0,2,https://www.musinsa.com/products/4707550,2025-04-01 22:36:38
4888292,드릭스,럭비 오버핏 저지 롱 슬리브_화이트,39800원,상의,1,남성,5.0,1,https://www.musinsa.com/products/4888292,2025-04-01 22:36:45
2460839,오아이오아이 컬렉션,OLD GLORY LONG SLEEVE T,34300원,상의,1,여성,4.1,19,https://www.musinsa.com/products/2460839,2025-04-01 22:37:04
4875756,디스이즈네버댓,TNT_Mickey_Ringer Tee Red,55000원,상의,1,공용,5.0,3,https://www.musinsa.com/products/4875756,2025-04-01 22:37:33
4743892,로맨틱무브,어코브 티롤리안 슈즈 R25M600 (와인 스웨이드),137800원,신발,103000,공용,0.0,0,https://www.musinsa.com/products/4743892,2025-04-01 23:09:12
4840805,뉴발란스,NBPFFS153H / 퓨어셀 레벨 V4 (남성 D) (PINK),179000원,신발,103000,남성,5.0,3,https://www.musinsa.com/products/4840805,2025-04-01 23:09:19
816033,반스,올드스쿨 플랫폼,89000원,신발,103000,공용,4.9,17157,https://www.musinsa.com/products/816033,2025-04-01 23:09:29
2632730,오니츠카타이거,멕시코 66  1183C102_200,180000원,신발,103000,공용,4.9,271,https://www.musinsa.com/products/2632730,2025-04-01 23:09:36
4751231,뉴발란스,NBPDFS144G / M1906REH (GRAY),179000원,신발,103000,공용,4.9,71,https://www.musinsa.com/products/4751231,2025-04-01 23:09:46
4869528,테바,남성 허리케인 XLT2 (BLK) STVM2519234,109000원,신발,103000,남성,0.0,0,https://www.musinsa.com/products/4869528,2025-04-01 23:09:52
4470122,아디다스,태권도  레이스,129000원,신발,103000,공용,4.9,62,https://www.musinsa.com/products/4470122,2025-04-01 23:09:59
1492888,반스,어센틱,37990원,신발,103000,공용,4.9,2928,https://www.musinsa.com/products/1492888,2025-04-01 23:10:08
4463018,나이키,윈플로 11 M,129000원,신발,103000,남성,5.0,8,https://www.musinsa.com/products/4463018,2025-04-01 23:10:14
4670343,나이키,줌 보메로 5 W,189000원,신발,103000,공용,5.0,32,https://www.musinsa.com/products/4670343,2025-04-01 23:10:24
2909092,리복,클럽 C 85,62300원,신발,103000,공용,4.9,888,https://www.musinsa.com/products/2909092,2025-04-01 23:10:31
451851,팀버랜드,(남성) 팀버랜드 6인치 프리미엄 부츠 / 10061,268000원,신발,103000,남성,4.9,3721,https://www.musinsa.com/products/451851,2025-04-01 23:10:42
4469887,휠라,에샤페 크림(1XM02361H920),109000원,신발,103000,공용,4.9,223,https://www.musinsa.com/products/4469887,2025-04-01 23:10:49
3989764,코닥,코다크롬 뮬 BLACK,109000원,신발,103000,공용,5.0,5,https://www.musinsa.com/products/3989764,2025-04-01 23:10:57
3657942,챔피온,여성 퓨어 클래식 스니커즈 Black,10000원,신발,103000,여성,4.9,10,https://www.musinsa.com/products/3657942,2025-04-01 23:11:03
4880156,브룩스러닝,(여성)글리세린 맥스(미디움)화이트,239000원,신발,103000,여성,0.0,0,https://www.musinsa.com/products/4880156,2025-04-01 23:11:10
4732082,뉴발란스,NBPDFS109W / MR530AD (WHITE),119000원,신발,103000,공용,5.0,117,https://www.musinsa.com/products/4732082,2025-04-01 23:11:19
4483959,나이키,레볼루션 7 M,79000원,신발,103000,남성,4.8,140,https://www.musinsa.com/products/4483959,2025-04-01 23:11:26
4407589,오니츠카타이거,멕시코 66 1183A201_126,180000원,신발,103000,남성,5.0,120,https://www.musinsa.com/products/4407589,2025-04-01 23:11:35
4401032,락피쉬웨더웨어,ZANE X,97800원,신발,103000,여성,4.9,112,https://www.musinsa.com/products/4401032,2025-04-01 23:11:45
4648367,아디다스,캠퍼스 00s,96990원,신발,103000,공용,4.9,86,https://www.musinsa.com/products/4648367,2025-04-01 23:11:58
4480376,발렌시아가,3XL 스니커즈,978990원,신발,103000,여성,5.0,1,https://www.musinsa.com/products/4480376,2025-04-01 23:12:05
1128656,커스텀에이드,4.5cm 소가죽 코만도 첼시부츠 루틴(CR0011),69300원,신발,103000,공용,4.8,25189,https://www.musinsa.com/products/1128656,2025-04-01 23:12:15
4700746,나이키,TC 7900 W,149000원,신발,103000,여성,5.0,4,https://www.musinsa.com/products/4700746,2025-04-01 23:12:22
4878033,뉴발란스,NBRJFS440G / 브리즈 / SD2202GR2 (GRAY),129000원,신발,103000,여성,4.7,27,https://www.musinsa.com/products/4878033,2025-04-01 23:12:29
4068833,아식스,조그 100 S (2E),89000원,신발,103000,공용,4.9,1095,https://www.musinsa.com/products/4068833,2025-04-01 23:12:36
4786149,푸마,스피드캣 프리미엄,159000원,신발,103000,공용,4.9,83,https://www.musinsa.com/products/4786149,2025-04-01 23:12:43
4717023,스케쳐스,남성 딜라이트 4.0_SL0MCCFX011,76000원,신발,103000,남성,4.6,14,https://www.musinsa.com/products/4717023,2025-04-01 23:12:52
3902600,데베시용,DV WAVY  DERBYKERS 02,251100원,신발,103000,공용,4.7,28,https://www.musinsa.com/products/3902600,2025-04-01 23:12:58
4463944,크록스,클래식 클로그,48990원,신발,103000,공용,4.9,145,https://www.musinsa.com/products/4463944,2025-04-01 23:13:07
4814791,아식스,젤,129000원,신발,103000,공용,4.7,10,https://www.musinsa.com/products/4814791,2025-04-01 23:13:14
4727091,뉴발란스,NBPDEF706S / MR530LG (SILVER),129000원,신발,103000,공용,4.9,128,https://www.musinsa.com/products/4727091,2025-04-01 23:13:20
4598466,볼디스트,VAULT ESSENTIAL_2C3AX24044BEO,199000원,신발,103000,남성,0.0,0,https://www.musinsa.com/products/4598466,2025-04-01 23:13:29
4201382,킨치,MARYAM BRUTAL,369550원,신발,103000,남성,4.9,781,https://www.musinsa.com/products/4201382,2025-04-01 23:13:36
4794340,아디다스,삼바 OG,149000원,신발,103000,공용,4.9,18,https://www.musinsa.com/products/4794340,2025-04-01 23:13:46
1838050,바토즈,Cro 1,206100원,신발,103000,남성,4.8,196,https://www.musinsa.com/products/1838050,2025-04-01 23:13:52
2477045,엠엘비,빅볼청키 모노 LT NY (White),129000원,신발,103000,공용,4.9,95,https://www.musinsa.com/products/2477045,2025-04-01 23:14:04
4384975,솔트앤초콜릿,아콘 스니커즈 412430006 (6cm/2colors),87720원,신발,103000,여성,4.7,93,https://www.musinsa.com/products/4384975,2025-04-01 23:14:10
1762406,살로몬,XT,260000원,신발,103000,공용,4.9,9432,https://www.musinsa.com/products/1762406,2025-04-01 23:14:20
2355070,오트리,메달리스트 고트스킨 스니커즈 white,143000원,신발,103000,공용,4.9,1175,https://www.musinsa.com/products/2355070,2025-04-01 23:14:28
4319321,슈펜,유니 레더 v2 스웨이드 독일군 HPMR6EA301,53910원,신발,103000,남성,4.9,2737,https://www.musinsa.com/products/4319321,2025-04-01 23:14:34
1803515,커스텀에이드,4cm 소가죽 이지라이트 페니로퍼 포든(CR0038),86800원,신발,103000,남성,4.8,1192,https://www.musinsa.com/products/1803515,2025-04-01 23:14:43
4797720,뉴발란스,NBPDFS130S / U740WN2 (WHITE NB NAVY),139000원,신발,103000,공용,5.0,83,https://www.musinsa.com/products/4797720,2025-04-01 23:14:50
3299766,리프로덕션 오브 파운드,German Military White3 (1700IN),183700원,신발,103000,공용,5.0,26,https://www.musinsa.com/products/3299766,2025-04-01 23:15:01
4747683,락피쉬웨더웨어,SQUARE TOE TWO STRAP MARYJANES(SATIN),75800원,신발,103000,여성,4.6,13,https://www.musinsa.com/products/4747683,2025-04-01 23:15:07
4260526,아디다스,가젤 인도어 W,126990원,신발,103000,여성,4.8,92,https://www.musinsa.com/products/4260526,2025-04-01 23:15:18
810034,컨버스,[슈레이스 증정]척 70 클래식  블랙 162058C,85500원,신발,103000,공용,4.9,54397,https://www.musinsa.com/products/810034,2025-04-01 23:15:25
1094877,슈펜,베이직 캔버스 스니커즈 HPCR3DA01M,19990원,신발,103000,공용,4.7,19443,https://www.musinsa.com/products/1094877,2025-04-01 23:15:34
4883767,아워 레가시,가베 스니커즈,585990원,신발,103000,남성,0.0,0,https://www.musinsa.com/products/4883767,2025-04-01 23:15:40
3497494,마크모크,Lilian 2Color 리본 메리제인 스니커즈 3.5Cm,89100원,신발,103000,여성,4.8,315,https://www.musinsa.com/products/3497494,2025-04-01 23:15:47
1635190,무신사 스탠다드,독일군 스니커즈 [오프 화이트],55890원,신발,103000,공용,4.8,2889,https://www.musinsa.com/products/1635190,2025-04-01 23:15:57
4463969,크록스,크러쉬 클로그,62990원,신발,103000,공용,4.9,39,https://www.musinsa.com/products/4463969,2025-04-01 23:16:03
4722488,아디다스,삼바 OG,149000원,신발,103000,공용,5.0,4,https://www.musinsa.com/products/4722488,2025-04-01 23:16:11
1846562,뉴발란스,NBPFFS131S / MT410KM5 (SILVER),109000원,신발,103000,공용,4.9,1056,https://www.musinsa.com/products/1846562,2025-04-01 23:16:17
4290137,미즈노,(공용) MXR,119000원,신발,103000,공용,4.9,701,https://www.musinsa.com/products/4290137,2025-04-01 23:16:24
4935398,킨,하이퍼포트 H2 여성 샌들 Cork/Cameo Rose,169000원,신발,103000,여성,0.0,0,https://www.musinsa.com/products/4935398,2025-04-01 23:16:33
4622370,푸마,스피드캣 OG,139000원,신발,103000,공용,5.0,82,https://www.musinsa.com/products/4622370,2025-04-01 23:16:40
4466918,야세,우든 홀스하이드 더비 슈즈 브라운,138600원,신발,103000,공용,4.9,103,https://www.musinsa.com/products/4466918,2025-04-01 23:16:48
3392005,아식스,젤,179000원,신발,103000,공용,5.0,3324,https://www.musinsa.com/products/3392005,2025-04-01 23:16:56
4213233,미즈노,(공용) MXR,119000원,신발,103000,공용,4.9,701,https://www.musinsa.com/products/4213233,2025-04-01 23:17:02
4039159,조셉트,BLAKE,116000원,신발,103000,공용,4.6,9,https://www.musinsa.com/products/4039159,2025-04-01 23:17:10
3657943,챔피온,여성 퓨어 클래식 스니커즈 White,10000원,신발,103000,여성,4.7,37,https://www.musinsa.com/products/3657943,2025-04-01 23:17:16
3428245,엘칸토,인텐스 여성 와이드 페니로퍼 4cm LCWD37I339,47200원,신발,103000,여성,4.7,287,https://www.musinsa.com/products/3428245,2025-04-01 23:17:25
4104562,식스핏,[미누의코디 x 식스핏] BOLD TOE DERBY,48500원,신발,103000,남성,4.7,3193,https://www.musinsa.com/products/4104562,2025-04-01 23:17:32
4606826,무신사 스탠다드,라운드 토 코만도 솔 더비 슈즈 [블랙],95890원,신발,103000,공용,4.9,15,https://www.musinsa.com/products/4606826,2025-04-01 23:17:39
810032,컨버스,[슈레이스 증정] 척 70 클래식  파치먼트 162062C,85500원,신발,103000,공용,4.9,15878,https://www.musinsa.com/products/810032,2025-04-01 23:17:47
311052,컨버스,척테일러 올스타 블랙 옥스 M9166C,62100원,신발,103000,공용,4.9,48058,https://www.musinsa.com/products/311052,2025-04-01 23:17:54
4879842,컨버스,런스타 레거시 CX 플랫폼 실버 A15185C,119000원,신발,103000,공용,5.0,2,https://www.musinsa.com/products/4879842,2025-04-01 23:18:02
4841427,챔피온,넥스트 레더 스니커즈 White,15000원,신발,103000,남성,4.8,25,https://www.musinsa.com/products/4841427,2025-04-01 23:18:08
4884650,아식스,젤,189000원,신발,103000,공용,5.0,10,https://www.musinsa.com/products/4884650,2025-04-01 23:18:14
2422319,스파워트,마라톤 트레일 로우 스니커즈,184990원,신발,103000,공용,4.9,69,https://www.musinsa.com/products/2422319,2025-04-01 23:18:25
1129750,우포스,OOAHH BLACK,69000원,신발,103000,공용,4.9,6796,https://www.musinsa.com/products/1129750,2025-04-01 23:18:31
4343637,반스,메리제인,37990원,신발,103000,공용,4.7,90,https://www.musinsa.com/products/4343637,2025-04-01 23:18:41
4238000,뉴발란스,NBPDFS106W / MR530SG (WHITE),119000원,신발,103000,공용,4.9,82,https://www.musinsa.com/products/4238000,2025-04-01 23:18:47
810033,컨버스,[슈레이스 증정] 척 70 클래식 블랙 162050C,89100원,신발,103000,공용,4.9,39578,https://www.musinsa.com/products/810033,2025-04-01 23:18:54
2143830,피렌체 아뜨리에,중앙절개 와이드 스퀘어토 더비슈즈 5700 [BLACK FG],173400원,신발,103000,남성,4.9,43,https://www.musinsa.com/products/2143830,2025-04-01 23:19:02
3455684,서브카테고리,SUB_F113 Beige,229500원,신발,103000,공용,4.9,722,https://www.musinsa.com/products/3455684,2025-04-01 23:19:09
4782447,데상트,엣지 코트 블루 베이지(SQ123LSN19),119000원,신발,103000,공용,5.0,16,https://www.musinsa.com/products/4782447,2025-04-01 23:19:19
3138455,킨,유니크 샌들 Safari,160500원,신발,103000,여성,4.9,52,https://www.musinsa.com/products/3138455,2025-04-01 23:19:26
706935,닥터마틴,1461 3홀 빈티지브라운 / 11838201,210000원,신발,103000,공용,4.8,1659,https://www.musinsa.com/products/706935,2025-04-01 23:19:35
4226785,나이키,에어 포스 1 07 W,139000원,신발,103000,여성,4.9,1157,https://www.musinsa.com/products/4226785,2025-04-01 23:19:42
2741233,리복,클럽 C 85 빈티지,109000원,신발,103000,공용,4.9,3954,https://www.musinsa.com/products/2741233,2025-04-01 23:19:52
3625540,르무통,버디 블랙,122900원,신발,103000,공용,4.9,273,https://www.musinsa.com/products/3625540,2025-04-01 23:19:59
4662556,뉴발란스,NBP7EC754G/ ML2002RC (GRAY),179000원,신발,103000,공용,4.9,109,https://www.musinsa.com/products/4662556,2025-04-01 23:20:06
4678346,뉴발란스,NBPDEF003X / U740BT2 (CASTLEROCK),139000원,신발,103000,공용,4.9,66,https://www.musinsa.com/products/4678346,2025-04-01 23:20:14
2431135,아식스,젤,139000원,신발,103000,공용,4.9,1173,https://www.musinsa.com/products/2431135,2025-04-01 23:20:20
4703158,나이키,LD,129000원,신발,103000,공용,4.8,88,https://www.musinsa.com/products/4703158,2025-04-01 23:20:29
4727089,뉴발란스,NBPDFS116W / MR530DAM (WHITE),129000원,신발,103000,공용,5.0,26,https://www.musinsa.com/products/4727089,2025-04-01 23:20:35
4452600,아식스,젤,119000원,신발,103000,공용,4.9,299,https://www.musinsa.com/products/4452600,2025-04-01 23:20:42
3976350,나이키,에어 포스 1 07 M,139000원,신발,103000,남성,4.9,6129,https://www.musinsa.com/products/3976350,2025-04-01 23:20:51
4723414,아디다스,토바코 Gruen GX6941,111200원,신발,103000,공용,4.9,265,https://www.musinsa.com/products/4723414,2025-04-01 23:20:59
4886037,아디다스,도쿄,129000원,신발,103000,공용,0.0,0,https://www.musinsa.com/products/4886037,2025-04-01 23:21:07
4791040,슈펜,스웨이드 클로그 HPCV4FA401,26910원,신발,103000,공용,4.6,84,https://www.musinsa.com/products/4791040,2025-04-01 23:21:13
311048,컨버스,척테일러 올스타 블랙 모노크롬 옥스 M5039C,62100원,신발,103000,공용,4.9,3659,https://www.musinsa.com/products/311048,2025-04-01 23:21:19
2545799,아디다스,슈퍼스타 82,58990원,신발,103000,공용,4.9,9245,https://www.musinsa.com/products/2545799,2025-04-01 23:21:28
4122990,반스,어센틱 로우프로,65000원,신발,103000,공용,4.8,284,https://www.musinsa.com/products/4122990,2025-04-01 23:21:36
4629366,브룩스러닝,(남성) 글리세린 21 (미디움),158990원,신발,103000,남성,5.0,2,https://www.musinsa.com/products/4629366,2025-04-01 23:21:43
1092992,우포스,OORIGINAL BLACK,69000원,신발,103000,공용,4.9,62649,https://www.musinsa.com/products/1092992,2025-04-01 23:21:50
4222756,아디다스,SL 72 RS,89990원,신발,103000,공용,4.7,57,https://www.musinsa.com/products/4222756,2025-04-01 23:21:56
4232331,아디다스,삼바 LT,75990원,신발,103000,공용,4.9,137,https://www.musinsa.com/products/4232331,2025-04-01 23:22:05
4002640,본투윈,SYMBOL B LOGO T,39000원,스포츠/레저,17000,남성,4.7,218,https://www.musinsa.com/products/4002640,2025-04-01 23:30:25
4359106,캠핑칸,쉘타프,946000원,스포츠/레저,17000,공용,0.0,0,https://www.musinsa.com/products/4359106,2025-04-01 23:30:32
4286812,노스페이스,NJ2GQ50A 남성 에코 고어텍스 마운틴 자켓_LIGHT BEIGE,386100원,스포츠/레저,17000,남성,4.8,8,https://www.musinsa.com/products/4286812,2025-04-01 23:30:42
4799073,본투윈,SMALL B SYMBOL BALL CAP [BLACK],41000원,스포츠/레저,17000,남성,4.8,9,https://www.musinsa.com/products/4799073,2025-04-01 23:30:48
3794694,본투윈,RAISEBORN OVER FIT T,47000원,스포츠/레저,17000,남성,4.9,159,https://www.musinsa.com/products/3794694,2025-04-01 23:30:55
4007341,리든,무지 머슬핏 반팔티셔츠 [블랙],29800원,스포츠/레저,17000,남성,5.0,43,https://www.musinsa.com/products/4007341,2025-04-01 23:31:05
3136621,데상트골프,남여공용 보스턴백,127600원,스포츠/레저,17000,남성,0.0,0,https://www.musinsa.com/products/3136621,2025-04-01 23:31:11
3518383,에이치덱스,우먼스 버뮤다 스웨트 쇼츠 3 color,41600원,스포츠/레저,17000,여성,4.9,235,https://www.musinsa.com/products/3518383,2025-04-01 23:31:20
3753480,본투윈,BIG CHROME B LOGO TRACK LINE ZIP,103000원,스포츠/레저,17000,남성,4.9,73,https://www.musinsa.com/products/3753480,2025-04-01 23:31:27
4306468,무신사 스탠다드 스포츠,2,109900원,스포츠/레저,17000,남성,4.9,301,https://www.musinsa.com/products/4306468,2025-04-01 23:31:46
4799142,본투윈,W B PENDANT COTTON SWEAT PANTS [MELANGE GREY],76000원,스포츠/레저,17000,여성,5.0,2,https://www.musinsa.com/products/4799142,2025-04-01 23:31:54
4888681,드릭스,머슬 챔피언 그래픽 하프 슬리브_화이트,29800원,스포츠/레저,17000,남성,0.0,0,https://www.musinsa.com/products/4888681,2025-04-01 23:32:00
3794438,본투윈,BIG B LOGO KNEE SOCKS [BLACK],17900원,스포츠/레저,17000,여성,4.9,77,https://www.musinsa.com/products/3794438,2025-04-01 23:32:07
3258950,아레나,퀘이사 4부 A4SM1PM85BLK,47700원,스포츠/레저,17000,남성,4.9,57,https://www.musinsa.com/products/3258950,2025-04-01 23:32:16
4501828,본투윈,SYMBOL B PIPING BOOTS CUT LEGGINGS [BLACK],63000원,스포츠/레저,17000,여성,4.8,43,https://www.musinsa.com/products/4501828,2025-04-01 23:32:22
4798119,스파이더,25 한화이글스 어센틱 원정 유니폼 네이비 (마킹) SBKPCNRS502MNVY,168000원,스포츠/레저,17000,남성,4.0,4,https://www.musinsa.com/products/4798119,2025-04-01 23:32:30
4909384,본투윈,W REFLECTIVE OUT BAND CROP LONG SLEEVE [CHARCOAL],53000원,스포츠/레저,17000,여성,0.0,0,https://www.musinsa.com/products/4909384,2025-04-01 23:32:36
3753802,본투윈,CHROME B LOGO TRACK LINE WIDE PANTS [BLACK],88000원,스포츠/레저,17000,남성,4.8,103,https://www.musinsa.com/products/3753802,2025-04-01 23:32:42
4854496,아레나,[디즈니] 디즈니_프렌즈 원피스 싱글 수퍼플라이백A5SL1LO81MCA,98100원,스포츠/레저,17000,여성,5.0,1,https://www.musinsa.com/products/4854496,2025-04-01 23:32:53
3158061,에이치덱스,[2pack] 메인 스몰 로고 에어 머슬핏 숏 슬리브,57600원,스포츠/레저,17000,남성,4.9,5956,https://www.musinsa.com/products/3158061,2025-04-01 23:33:02
4888303,드릭스,럭비 오버핏 저지 롱 슬리브_블랙,39800원,스포츠/레저,17000,남성,0.0,0,https://www.musinsa.com/products/4888303,2025-04-01 23:33:12
2502974,레이지비,캠프 남녀 러닝 조거팬츠 블랙,29900원,스포츠/레저,17000,남성,4.7,624,https://www.musinsa.com/products/2502974,2025-04-01 23:33:20
3800080,무신사 스탠다드 스포츠,슈퍼 라이트 바람막이(8colors),49900원,스포츠/레저,17000,남성,4.9,7608,https://www.musinsa.com/products/3800080,2025-04-01 23:33:24
4918565,시에라디자인,마운틴 가이드 타프 초경량 윈드 자켓 BLACK,219000원,스포츠/레저,17000,남성,0.0,0,https://www.musinsa.com/products/4918565,2025-04-01 23:33:33
3754033,루프루프,[스트로베리 테이블_블랙]  원피스 수영복,87000원,스포츠/레저,17000,여성,4.8,59,https://www.musinsa.com/products/3754033,2025-04-01 23:33:39
4251372,본투윈,OUTBAND 3.5 BIKER SHORTS [BLACK],39000원,스포츠/레저,17000,여성,4.7,72,https://www.musinsa.com/products/4251372,2025-04-01 23:33:48
4345534,노스페이스,NJ3BQ12L 화이트라벨 맨톤 자켓,110600원,스포츠/레저,17000,공용,5.0,1,https://www.musinsa.com/products/4345534,2025-04-01 23:33:54
4400324,본투윈,B PENDANT RIBBED LONGSLEEVE [BLACK],65000원,스포츠/레저,17000,남성,4.7,60,https://www.musinsa.com/products/4400324,2025-04-01 23:34:02
3672602,미즈노,쿠션 양말 5족 세트,18900원,스포츠/레저,17000,공용,4.9,13263,https://www.musinsa.com/products/3672602,2025-04-01 23:34:08
4909267,본투윈,BRN RUNNING COMPRESSION SOCKS [WHITE],9000원,스포츠/레저,17000,남성,3.5,2,https://www.musinsa.com/products/4909267,2025-04-01 23:34:12
4213708,바벨웍스,버뮤다 팬츠,29000원,스포츠/레저,17000,남성,4.9,159,https://www.musinsa.com/products/4213708,2025-04-01 23:34:20
4909304,본투윈,RUNNIG CAMP CAP [BLACK],41000원,스포츠/레저,17000,남성,0.0,0,https://www.musinsa.com/products/4909304,2025-04-01 23:34:27
3862529,미즈노,맥시마이저 26,79000원,스포츠/레저,17000,공용,4.9,3629,https://www.musinsa.com/products/3862529,2025-04-01 23:34:33
4757208,노스페이스,NJ2HR03K 화이트라벨 포트렉 자켓_REAL BLACK,198400원,스포츠/레저,17000,남성,4.9,14,https://www.musinsa.com/products/4757208,2025-04-01 23:34:44
2950020,내셔널지오그래픽,N251ABG570 브레이브 백팩 BLACK,179000원,스포츠/레저,17000,공용,4.9,170,https://www.musinsa.com/products/2950020,2025-04-01 23:34:47
3852647,에이치덱스,자이언트핏 매쉬 와이드 팬츠,62100원,스포츠/레저,17000,남성,4.9,1556,https://www.musinsa.com/products/3852647,2025-04-01 23:34:54
4724160,노스페이스,NJ3BR10J 화이트라벨 TNF 크루 자켓_BLACK,131600원,스포츠/레저,17000,남성,4.9,30,https://www.musinsa.com/products/4724160,2025-04-01 23:35:03
4909470,본투윈,BRNTW TRACK LINE T,49000원,스포츠/레저,17000,남성,0.0,0,https://www.musinsa.com/products/4909470,2025-04-01 23:35:09
4207537,본투윈,85 BOOSTER MESH JERSEY SLEEVELESS [NAVY],55000원,스포츠/레저,17000,남성,5.0,13,https://www.musinsa.com/products/4207537,2025-04-01 23:35:17
4837273,에이치덱스,라이트 사이드 매쉬 자켓 (Black),116100원,스포츠/레저,17000,남성,0.0,0,https://www.musinsa.com/products/4837273,2025-04-01 23:35:23
4718489,리복,레전드 웜업 윈드 브레이커,159000원,스포츠/레저,17000,남성,5.0,3,https://www.musinsa.com/products/4718489,2025-04-01 23:35:30
4718465,리복,레전드 2WAY 웜업 팬츠,109000원,스포츠/레저,17000,남성,0.0,0,https://www.musinsa.com/products/4718465,2025-04-01 23:35:39
3753473,본투윈,B LOGO 3.5 BIKER SHORTS [KHAKI],55000원,스포츠/레저,17000,여성,4.7,55,https://www.musinsa.com/products/3753473,2025-04-01 23:35:43
4264529,푸마,AC밀란 어웨이 24/25 저지 레플리카,90300원,스포츠/레저,17000,공용,5.0,96,https://www.musinsa.com/products/4264529,2025-04-01 23:35:47
4133018,에이치덱스,더매스 212 피그먼트 숏 슬리브 (Charcoal),53100원,스포츠/레저,17000,남성,4.9,144,https://www.musinsa.com/products/4133018,2025-04-01 23:35:59
4926634,케이투,KTR ROCK (락) 카고 팬츠 W_Black,144000원,스포츠/레저,17000,여성,0.0,0,https://www.musinsa.com/products/4926634,2025-04-01 23:36:06
4890071,드릭스,코튼 피케 폴로 머슬핏 반팔 티셔츠_4color,29800원,스포츠/레저,17000,남성,0.0,0,https://www.musinsa.com/products/4890071,2025-04-01 23:36:16
4525319,본투윈,BIG CHROME REFLECTIVE LINE HOODIE [BLACK],101000원,스포츠/레저,17000,남성,4.9,96,https://www.musinsa.com/products/4525319,2025-04-01 23:36:22
4909379,본투윈,W REFLECTIVE OUT BAND CROP LONG SLEEVE [WHITE],53000원,스포츠/레저,17000,여성,0.0,0,https://www.musinsa.com/products/4909379,2025-04-01 23:36:30
4058019,데상트골프,여성 트롤리 엠보 캐디백 (DO12WFCB22),279600원,스포츠/레저,17000,여성,0.0,0,https://www.musinsa.com/products/4058019,2025-04-01 23:36:36
3406092,터틀백,무지 30수 순면티 2PACK 3컬러,19900원,스포츠/레저,17000,남성,4.6,237,https://www.musinsa.com/products/3406092,2025-04-01 23:36:43
4643326,에이치덱스,브레이크 메인로고 버뮤다 쇼츠 (Black),55300원,스포츠/레저,17000,남성,4.9,102,https://www.musinsa.com/products/4643326,2025-04-01 23:36:55
4802995,코오롱스포츠,남성 인후드 자켓 TLJJS25451BEI,250000원,스포츠/레저,17000,남성,5.0,1,https://www.musinsa.com/products/4802995,2025-04-01 23:36:59
4907595,스노우피크 어패럴,[스노우피크 X 헬로키티] 여성 패커블 바람막이 (S25MWFWB83) Black,189000원,스포츠/레저,17000,여성,0.0,0,https://www.musinsa.com/products/4907595,2025-04-01 23:37:12
2806284,밤켈 아웃도어,모던 27QT 하드쿨러,180000원,스포츠/레저,17000,공용,5.0,14,https://www.musinsa.com/products/2806284,2025-04-01 23:37:18
3248278,제이엘브,[2PACK] 루즈핏 숏슬리브,59000원,스포츠/레저,17000,남성,4.9,2418,https://www.musinsa.com/products/3248278,2025-04-01 23:37:28
4837312,에이치덱스,코어 스몰 로고 자이언트핏 숏 슬리브 (Black),46800원,스포츠/레저,17000,남성,5.0,6,https://www.musinsa.com/products/4837312,2025-04-01 23:37:35
4797727,프리덤,올림피아 럭비 져지 (화이트),98000원,스포츠/레저,17000,남성,4.8,6,https://www.musinsa.com/products/4797727,2025-04-01 23:37:46
4002639,본투윈,SYMBOL B LOGO T,39000원,스포츠/레저,17000,남성,4.9,127,https://www.musinsa.com/products/4002639,2025-04-01 23:37:54
4251389,본투윈,OUTBAND BRN ACTIVE SHORTS [CHARCOAL],63000원,스포츠/레저,17000,남성,4.9,54,https://www.musinsa.com/products/4251389,2025-04-01 23:38:02
4251390,본투윈,OUTBAND BRN ACTIVE SHORTS [BLACK],63000원,스포츠/레저,17000,남성,4.8,157,https://www.musinsa.com/products/4251390,2025-04-01 23:38:09
4109360,본투윈,CRACK B PIGMENT LONGSLEEVE [CHARCOAL],55000원,스포츠/레저,17000,남성,4.9,31,https://www.musinsa.com/products/4109360,2025-04-01 23:38:15
4904449,글로니,AIR FOLDING SHORTS (4 Colors),70200원,스포츠/레저,17000,여성,0.0,0,https://www.musinsa.com/products/4904449,2025-04-01 23:38:26
3908864,노스페이스,NC3BQ11A 남성 트레블 맥 코트,124000원,스포츠/레저,17000,남성,5.0,4,https://www.musinsa.com/products/3908864,2025-04-01 23:38:30
3384853,블랙몬스터핏,[쿨링/기모] 트리코트 조거 팬츠 (2 color),32000원,스포츠/레저,17000,공용,4.8,1033,https://www.musinsa.com/products/3384853,2025-04-01 23:38:37
3855093,본투윈,B PENDANT RIBBED SLEEVELESS [MELANGE GREY],39000원,스포츠/레저,17000,남성,4.9,57,https://www.musinsa.com/products/3855093,2025-04-01 23:38:45
4909475,본투윈,BRNTW TRACK LINE T,49000원,스포츠/레저,17000,남성,0.0,0,https://www.musinsa.com/products/4909475,2025-04-01 23:38:49
4564413,무신사 스탠다드 스포츠,슈퍼 벤트 바람막이 (4color),69900원,스포츠/레저,17000,남성,4.9,55,https://www.musinsa.com/products/4564413,2025-04-01 23:39:11
4400148,본투윈,SILVER LINE NYLON JOGGER PANTS [BLACK],71000원,스포츠/레저,17000,남성,5.0,27,https://www.musinsa.com/products/4400148,2025-04-01 23:39:18
4805063,제이엘브,심볼자수 머슬핏 카라티,46000원,스포츠/레저,17000,남성,5.0,11,https://www.musinsa.com/products/4805063,2025-04-01 23:39:24
2513018,어프레쉬,에어스트레치 조거팬츠_블랙 트레이닝,34100원,스포츠/레저,17000,공용,4.9,3230,https://www.musinsa.com/products/2513018,2025-04-01 23:39:35
4909503,본투윈,BRN SQUARE QUICK DRY T,44000원,스포츠/레저,17000,남성,0.0,0,https://www.musinsa.com/products/4909503,2025-04-01 23:39:43
4799425,본투윈,NYLON MIX BOLD SWEATSHIRTS [WHITE],83000원,스포츠/레저,17000,남성,5.0,1,https://www.musinsa.com/products/4799425,2025-04-01 23:39:46
3380690,블랙몬스터핏,[3PACK]무지 쿨론 기능성 쿨 반팔 티셔츠 3P,35000원,스포츠/레저,17000,공용,4.8,1486,https://www.musinsa.com/products/3380690,2025-04-01 23:39:56
4909386,본투윈,W REFLECTIVE OUT BAND CROP LONG SLEEVE [BLACK],53000원,스포츠/레저,17000,여성,0.0,0,https://www.musinsa.com/products/4909386,2025-04-01 23:40:04
4909330,본투윈,W CROSS BACK BRA TOP [WHITE],62000원,스포츠/레저,17000,여성,0.0,0,https://www.musinsa.com/products/4909330,2025-04-01 23:40:08
4909366,본투윈,W REFLECTIVE TWO IN ONE SHORTS [BLACK],71000원,스포츠/레저,17000,남성,0.0,0,https://www.musinsa.com/products/4909366,2025-04-01 23:40:17
3681728,바이젝,우븐 라인 머슬 브레이커 자켓,69800원,스포츠/레저,17000,남성,4.8,305,https://www.musinsa.com/products/3681728,2025-04-01 23:40:26
3855092,본투윈,B PENDANT RIBBED SLEEVELESS [WHITE],39000원,스포츠/레저,17000,남성,4.9,69,https://www.musinsa.com/products/3855092,2025-04-01 23:40:36
4280832,스노우피크 어패럴,루트 카고 조거 팬츠 (S24FMRPT68) Black,111200원,스포츠/레저,17000,남성,4.9,9,https://www.musinsa.com/products/4280832,2025-04-01 23:40:40
4888297,드릭스,럭비 오버핏 저지 롱 슬리브_네이비,39800원,스포츠/레저,17000,남성,0.0,0,https://www.musinsa.com/products/4888297,2025-04-01 23:40:51
3088359,뉴에라,MLB 베이직 뉴욕 양키스 볼캡 레드,25230원,스포츠/레저,17000,공용,4.9,1171,https://www.musinsa.com/products/3088359,2025-04-01 23:41:00
4423701,에이치덱스,우먼스 슬림 스트레이트 스웨트 팬츠 (Black),59500원,스포츠/레저,17000,여성,4.7,4,https://www.musinsa.com/products/4423701,2025-04-01 23:41:12
4109299,본투윈,NUMBER 00 RUGBY JERSEY T,69000원,스포츠/레저,17000,남성,4.9,79,https://www.musinsa.com/products/4109299,2025-04-01 23:41:16
3196762,에이치덱스,스탠다드 에어 머슬핏 숏 슬리브,28800원,스포츠/레저,17000,남성,4.9,2729,https://www.musinsa.com/products/3196762,2025-04-01 23:41:24
4943470,몽벨,오디 후드 자켓 남 BLACK JBWISMJW421,139000원,스포츠/레저,17000,남성,0.0,0,https://www.musinsa.com/products/4943470,2025-04-01 23:41:33
3902837,칼렉,플라이트 레이스데이 싱글렛 남성 (블랙),140000원,스포츠/레저,17000,남성,5.0,3,https://www.musinsa.com/products/3902837,2025-04-01 23:41:40
4799414,본투윈,NYLON TRACK LINE WIDE PANTS [BLACK],83000원,스포츠/레저,17000,남성,5.0,5,https://www.musinsa.com/products/4799414,2025-04-01 23:41:48
4799277,본투윈,MONOGRAM SOCCER JERSEY [BLACK],85000원,스포츠/레저,17000,남성,5.0,2,https://www.musinsa.com/products/4799277,2025-04-01 23:41:55
4002543,본투윈,BORNTOWIN LINE BOOTS CUT LEGGINGS [BLACK],55000원,스포츠/레저,17000,여성,4.8,136,https://www.musinsa.com/products/4002543,2025-04-01 23:41:59
4652637,백퍼센트,"레제르 스퀘어, 폴리쉬드 블랙",153000원,스포츠/레저,17000,남성,4.9,19,https://www.musinsa.com/products/4652637,2025-04-01 23:42:09
3274144,나인제트,시그니처 코튼 머슬핏 카라티 NSPK01,42300원,스포츠/레저,17000,남성,4.8,1844,https://www.musinsa.com/products/3274144,2025-04-01 23:42:16
4754687,프리덤,올림피아 로고 볼캡 (블랙),51000원,스포츠/레저,17000,남성,5.0,16,https://www.musinsa.com/products/4754687,2025-04-01 23:42:27
4525595,본투윈,CHROME B FLEECE CROP JACKET [BLACK],104000원,스포츠/레저,17000,여성,4.9,23,https://www.musinsa.com/products/4525595,2025-04-01 23:42:31
4423585,에이치덱스,챔프 데님 볼캡 (Black),42000원,스포츠/레저,17000,남성,4.9,14,https://www.musinsa.com/products/4423585,2025-04-01 23:42:37
4739478,골스튜디오,DFC 25 TRAVEL SUIT TOP,150000원,스포츠/레저,17000,남성,0.0,0,https://www.musinsa.com/products/4739478,2025-04-01 23:42:41
4798206,노스페이스,NJ3LR07B 남성 씨티칠러 자켓_ICE GRAY,143100원,스포츠/레저,17000,남성,0.0,0,https://www.musinsa.com/products/4798206,2025-04-01 23:42:48
4256849,스노우피크 어패럴,브라이트 카고 조거 팬츠 (S24FUFPT70) Silver Gray,97300원,스포츠/레저,17000,남성,0.0,0,https://www.musinsa.com/products/4256849,2025-04-01 23:42:52
4784534,츄바스코,REVONIX 카본 발란스A 러닝화 CB01 ALL BLACK,89000원,스포츠/레저,17000,남성,4.9,17,https://www.musinsa.com/products/4784534,2025-04-01 23:42:55
4372723,스노우피크 어패럴,캠플 여성 바람막이 (S24FWCWB13) Olive,132300원,스포츠/레저,17000,여성,5.0,7,https://www.musinsa.com/products/4372723,2025-04-01 23:43:00
4533243,비바브라운,85,18900원,상의,1,여성,4.6,13,https://www.musinsa.com/products/4533243,2025-04-01 22:25:17
3926952,유니온블루,SOLID CROP CARDIGAN [RED],115200원,아우터,2,남성,4.9,163,https://www.musinsa.com/products/3926952,2025-03-29 12:02:31
3850145,썸웨어버터,Half line leather jacket - black,241200원,아우터,2,여성,5.0,31,https://www.musinsa.com/products/3850145,2025-03-29 12:02:35
4474199,크림소다랩,캔버스 워크 자켓 올드 버건디,54900원,아우터,2,공용,4.8,5,https://www.musinsa.com/products/4474199,2025-03-29 12:02:40
709251,알파 인더스트리,L-2B 나투스 SAGE GREEN,79000원,아우터,2,남성,4.8,23,https://www.musinsa.com/products/709251,2025-03-29 12:02:46
4780023,룸페커,로닌 S/T 버튼 자켓_beige,75810원,아우터,2,여성,5.0,1,https://www.musinsa.com/products/4780023,2025-03-29 12:02:52
4719807,코드그라피,워시드 프렌치 자켓_네이비 ,116100원,아우터,2,여성,4.0,1,https://www.musinsa.com/products/4719807,2025-03-29 12:02:57
4763740,노티카,덱 트랜싯 자켓,89100원,아우터,2,남성,4.7,6,https://www.musinsa.com/products/4763740,2025-03-29 12:03:01
4715204,티엔지티,베이지 세미 오버핏 워시드 코튼 블루종 (TNJU5E104I2,157170원,아우터,2,남성,0.0,0,https://www.musinsa.com/products/4715204,2025-03-29 12:03:07
2093817,테이크이지,라쿠 베이스볼 오버자켓(네이비,79000원,아우터,2,공용,4.8,2278,https://www.musinsa.com/products/2093817,2025-03-29 12:03:12
3598667,코닥,에센셜 넥리스 경량 덕다운 자켓 우먼 IVORY,189000원,아우터,2,여성,4.7,18,https://www.musinsa.com/products/3598667,2025-03-29 12:03:16
2282047,마틴플랜,High Neck Crop Jacket - BEIGE ,89550원,아우터,2,남성,0.0,0,https://www.musinsa.com/products/2282047,2025-03-29 12:03:20
1337094,무신사 스탠다드,릴렉스드 데님 트러커 재킷 [워시드 블랙],55890원,아우터,2,남성,4.8,8509,https://www.musinsa.com/products/1337094,2025-03-29 12:03:25
4798307,노스페이스,NJ3BR31K 화이트라벨 여성 올레마 자켓_BLACK,138000원,아우터,2,여성,0.0,0,https://www.musinsa.com/products/4798307,2025-03-29 12:03:29
4280181,베이스모먼트,라운드넥 버튼 가디건 레드,75600원,아우터,2,남성,4.9,60,https://www.musinsa.com/products/4280181,2025-03-29 12:03:34
4730281,코드그라피,카라 블루종 자켓_베이지 ,111300원,아우터,2,여성,0.0,0,https://www.musinsa.com/products/4730281,2025-03-29 12:03:40
4894200,레이몬트,우먼즈 라인 테이프 크롭 후드 집업_핑크 베이지 ,49900원,아우터,2,여성,4.9,8,https://www.musinsa.com/products/4894200,2025-03-29 12:03:44
4751606,리바이스,풀 지퍼 메카닉스 자켓_A8635-0004,149000원,아우터,2,남성,4.8,4,https://www.musinsa.com/products/4751606,2025-03-29 12:03:47
4449637,마뗑킴,MATIN COATING CROP BLOUSON IN BLACK,158000원,아우터,2,여성,4.9,80,https://www.musinsa.com/products/4449637,2025-03-29 12:03:52
4777958,블랙야크,남성 AWC 명산100 방수자켓_SY,239000원,아우터,2,남성,0.0,0,https://www.musinsa.com/products/4777958,2025-03-29 12:03:55
3967536,노스페이스,NV1DQ55A 남성 1996 에코 눕시 베스트_BLACK,269000원,아우터,2,남성,4.9,187,https://www.musinsa.com/products/3967536,2025-03-29 12:04:00
3443522,블론드나인,소프트 케이블 카라 가디건_네이비,42900원,아우터,2,남성,4.8,1117,https://www.musinsa.com/products/3443522,2025-03-29 12:04:05
3909848,두마로,시드 크로스백 / 브라운,49920원,가방,4,여성,4.9,119,https://www.musinsa.com/products/3909848,2025-03-29 12:04:50
4770371,폴스부띠끄,HOBO KALY [CHOCO],119000원,가방,4,공용,0.0,0,https://www.musinsa.com/products/4770371,2025-03-29 12:04:57
4835684,루에브르,Tour Hobo Large FA5SD331-FH,152150원,가방,4,여성,0.0,0,https://www.musinsa.com/products/4835684,2025-03-29 12:05:01
4733969,얼킨 캔버스,베티붑 퀼팅 체인 미니 백팩_블랙,45550원,가방,4,여성,5.0,5,https://www.musinsa.com/products/4733969,2025-03-29 12:05:08
4736195,마리떼,CLASSIC LOGO STRAP WALLET brown,79000원,가방,4,여성,5.0,2,https://www.musinsa.com/products/4736195,2025-03-29 12:05:14
4677999,무신사 스탠다드 우먼,우먼즈 샤이니 호보백 [블랙],44890원,가방,4,여성,4.6,5,https://www.musinsa.com/products/4677999,2025-03-29 12:05:19
4318147,미우미우,미니 마테라쎄 나파 가죽 숄더백 - 파우더 핑크 / 5BP065N88F0236,1817990원,가방,4,여성,0.0,0,https://www.musinsa.com/products/4318147,2025-03-29 12:05:24
4770560,폴스부띠끄,SATIN [NAVY],119000원,가방,4,공용,0.0,0,https://www.musinsa.com/products/4770560,2025-03-29 12:05:30
4101662,테일러 스튜디오,클래식 빅 호보백 (블랙,41900원,가방,4,여성,4.7,48,https://www.musinsa.com/products/4101662,2025-03-29 12:05:36
4720507,디랩,베키 백팩 - 제트블랙,44100원,가방,4,여성,5.0,30,https://www.musinsa.com/products/4720507,2025-03-29 12:05:42
4716540,캉골,에센셜 RC 플랩 백팩 1472 블랙,109000원,가방,4,남성,4.5,4,https://www.musinsa.com/products/4716540,2025-03-29 12:05:48
4826710,다이브인,UNIFORM CROP HOOD ZIP,88000원,상의,1,남성,5.0,33,https://www.musinsa.com/products/4826710,2025-04-01 11:45:01
4438543,어널러코드,헤어리 믹스 니트 (브라운),42600원,상의,1,남성,4.8,92,https://www.musinsa.com/products/4438543,2025-04-01 11:45:27
4055237,트래블,게이트웨이 피그먼트 반팔티 크림,27900원,상의,1,남성,4.9,27,https://www.musinsa.com/products/4055237,2025-04-01 11:45:51
4253630,폴로 랄프 로렌,커스텀핏 스트레치 포플린 셔츠,219000원,상의,1,남성,4.8,13,https://www.musinsa.com/products/4253630,2025-04-01 11:45:56
2757348,디스이즈네버댓,Cube Crewneck Heather Grey,34800원,상의,1,남성,4.6,14,https://www.musinsa.com/products/2757348,2025-04-01 11:46:01
4790432,쿠어,오가닉 코튼 옴브레 체크 셔츠 (베이지체크),175500원,상의,1,남성,5.0,3,https://www.musinsa.com/products/4790432,2025-04-01 11:46:12
3863950,디스이즈네버댓,DSN,31500원,상의,1,남성,4.9,629,https://www.musinsa.com/products/3863950,2025-04-01 11:46:41
2584560,얼킨 캔버스,아티스트 티셔츠 페어레이디 2_블랙,26960원,상의,1,남성,4.8,50,https://www.musinsa.com/products/2584560,2025-04-01 11:47:25
4611431,마인드브릿지 우먼,베이직 브이넥 니트,34900원,상의,1,여성,4.9,15,https://www.musinsa.com/products/4611431,2025-04-01 11:50:35
3887987,팬시클럽,쓰리 쿼터 베이직 티 (CHARCOAL)_F24QB276,22400원,상의,1,여성,5.0,3,https://www.musinsa.com/products/3887987,2025-04-01 11:50:42
4385260,아메스 월드와이드,BASIC LOGO SWEATSHIRT GREY,47200원,상의,1,여성,4.8,135,https://www.musinsa.com/products/4385260,2025-04-01 11:50:52
4036496,해비즘,LLF UNIFORM S/S TEE(PINK),33750원,상의,1,여성,4.8,414,https://www.musinsa.com/products/4036496,2025-04-01 11:51:24
3879282,토마스모어,TE5,63700원,상의,1,여성,4.9,740,https://www.musinsa.com/products/3879282,2025-04-01 11:51:54
4709878,썸웨어버터,Pokey Stripe V,98000원,상의,1,여성,4.7,10,https://www.musinsa.com/products/4709878,2025-04-01 11:52:11
3838794,혼다 모터사이클,Honda Speed Track nylon Long sleeve Navy,63200원,상의,1,여성,4.9,103,https://www.musinsa.com/products/3838794,2025-04-01 11:52:43
4786236,슈퍼서브,컷 오프 그런지 체크 셔츠,39900원,상의,1,여성,4.8,33,https://www.musinsa.com/products/4786236,2025-04-01 11:52:48
4180786,라퍼,키코 티셔츠,44100원,상의,1,여성,4.8,65,https://www.musinsa.com/products/4180786,2025-04-01 11:52:51
4841172,플리즈노팔로우,Kayla Shirring Shirt Top (Khaki),169000원,상의,1,여성,4.5,2,https://www.musinsa.com/products/4841172,2025-04-01 11:52:57
4697516,로제프란츠,Eyelet Shirring Long Sleeve,50150원,상의,1,여성,0.0,0,https://www.musinsa.com/products/4697516,2025-04-01 11:53:07
4219996,에잇세컨즈,나일론 반소매 원피스  화이트 (324671LY31),35900원,원피스/스커트,100,여성,4.5,2,https://www.musinsa.com/products/4219996,2025-04-01 12:29:35
4422701,비바셔스,Pocket Thaslan Long Skirt,34100원,원피스/스커트,100,여성,4.5,4,https://www.musinsa.com/products/4422701,2025-04-01 12:29:41
4782151,루루서울,Glow Sheer Layering Skirt (Gray),65000원,원피스/스커트,100,여성,0.0,0,https://www.musinsa.com/products/4782151,2025-04-01 12:29:48
4309531,크랭크,리본 슬릿 스커트 팬츠_블랙,89000원,원피스/스커트,100,여성,4.7,21,https://www.musinsa.com/products/4309531,2025-04-01 12:29:54
4639941,익스파이어드걸,Bambi Frill Dress Melange Grey,68000원,원피스/스커트,100,여성,5.0,1,https://www.musinsa.com/products/4639941,2025-04-01 12:29:59
4504022,제너럴아이디어,볼륨 슬리브리스 원피스 / WBD3L15502,55000원,원피스/스커트,100,여성,5.0,1,https://www.musinsa.com/products/4504022,2025-04-01 12:30:06
3647953,앤디아더,블랙 탑 스티치 미니 스커트,21600원,원피스/스커트,100,여성,4.2,5,https://www.musinsa.com/products/3647953,2025-04-01 12:30:10
4150864,큐리티,C NYLON VOLUME MINI DRESS_BLACK,143650원,원피스/스커트,100,여성,5.0,4,https://www.musinsa.com/products/4150864,2025-04-01 12:30:18
3295251,네이키드서프클럽,테리 셔링 미니 랩스커트(Brown),37500원,원피스/스커트,100,여성,5.0,2,https://www.musinsa.com/products/3295251,2025-04-01 12:30:25
4228714,무신사 스탠다드 우먼,우먼즈 데님 카펜터 롱 스커트,41890원,원피스/스커트,100,여성,5.0,22,https://www.musinsa.com/products/4228714,2025-04-01 12:30:30
4815399,원더비지터,PAIR Frill midi Skirt,109000원,원피스/스커트,100,여성,0.0,0,https://www.musinsa.com/products/4815399,2025-04-01 12:30:36
4324777,나이스고스트클럽,BIG STAR LOGO SWEAT SKIRT_BLACK(NG2EFUPA90A),55200원,원피스/스커트,100,여성,4.9,207,https://www.musinsa.com/products/4324777,2025-04-01 12:30:43
4752508,유라고,H,121500원,원피스/스커트,100,여성,5.0,5,https://www.musinsa.com/products/4752508,2025-04-01 12:30:49
4178516,신스덴,아우로라 스트랩 롱원피스,152150원,원피스/스커트,100,여성,0.0,0,https://www.musinsa.com/products/4178516,2025-04-01 12:30:56
2153844,팬시클럽,아일렛 포인트 셔츠 원피스 (WHT)_FZD291,50400원,원피스/스커트,100,여성,4.6,192,https://www.musinsa.com/products/2153844,2025-04-01 12:30:59
3976975,칙스,MSK 베이직 미니 데님 스커트 2color,17900원,원피스/스커트,100,여성,4.3,10,https://www.musinsa.com/products/3976975,2025-04-01 12:31:17
4266920,루바티,에어리 튤 레이스 레이어링 드레스_화이트,96000원,원피스/스커트,100,여성,0.0,0,https://www.musinsa.com/products/4266920,2025-04-01 12:31:25
4736469,오헤시오,"PLEATED LAYERED SKIRT, CHARCOAL",187000원,원피스/스커트,100,여성,0.0,0,https://www.musinsa.com/products/4736469,2025-04-01 12:31:30
4782714,카키포인트,Pleats Skirt (gray),100800원,원피스/스커트,100,여성,5.0,4,https://www.musinsa.com/products/4782714,2025-04-01 12:31:36
4768973,팬시클럽,드리미 시어 원피스 (WHITE) F25QD799,57600원,원피스/스커트,100,여성,4.5,2,https://www.musinsa.com/products/4768973,2025-04-01 12:31:43
3899735,핑크파인애플,FAIRY TIERED SKIRT PANTS_BLACK,33150원,원피스/스커트,100,여성,4.0,3,https://www.musinsa.com/products/3899735,2025-04-01 12:31:50
3099001,오드원아웃,Shirring onepiece_IVORY,159000원,원피스/스커트,100,여성,5.0,4,https://www.musinsa.com/products/3099001,2025-04-01 12:31:57
3876388,아이토브 서울,새틴 레이스 리본 미니원피스 BK,53900원,원피스/스커트,100,여성,5.0,2,https://www.musinsa.com/products/3876388,2025-04-01 12:32:03
3555164,플레이스 스튜디오,미니멀 슬릿 플리츠 테니스 스커트,19900원,원피스/스커트,100,여성,4.7,153,https://www.musinsa.com/products/3555164,2025-04-01 12:32:13
1156787,클렛,블랙 자켓 벨트 드레스 (블랙),116000원,원피스/스커트,100,여성,4.7,104,https://www.musinsa.com/products/1156787,2025-04-01 12:32:20
4627883,애즈온,LIBBED COMBI MINI DRESS / BLACK,67000원,원피스/스커트,100,여성,5.0,6,https://www.musinsa.com/products/4627883,2025-04-01 12:32:25
4563280,셀리티오,여성 클래식 베스트 스커트 셋업,89000원,원피스/스커트,100,여성,0.0,0,https://www.musinsa.com/products/4563280,2025-04-01 12:32:31
4644483,무신사 스탠다드 우먼,우먼즈 벌룬 미니 드레스,59900원,원피스/스커트,100,여성,4.8,4,https://www.musinsa.com/products/4644483,2025-04-01 12:32:36
4836076,리,우먼 데님 오버롤 스커트 인디고 다크,125100원,원피스/스커트,100,여성,0.0,0,https://www.musinsa.com/products/4836076,2025-04-01 12:32:42
3927220,익스파이어드걸,스퀘어 도트 미니 드레스 블랙,92400원,원피스/스커트,100,여성,5.0,7,https://www.musinsa.com/products/3927220,2025-04-01 12:32:48
4769769,모아,Tiered Ruffle Mini Skirt (WHITE),39000원,원피스/스커트,100,여성,0.0,0,https://www.musinsa.com/products/4769769,2025-04-01 12:32:53
4129783,레이디 볼륨,FLARE HALTER NECK DRESS_WHITE,27900원,원피스/스커트,100,여성,5.0,1,https://www.musinsa.com/products/4129783,2025-04-01 12:32:59
4076883,콜릿,WOMEN 여름 플레어 주름 레이스 롱스커트 롱치마 ver.,37350원,원피스/스커트,100,여성,4.2,5,https://www.musinsa.com/products/4076883,2025-04-01 12:33:05
4670347,나이키,아우라 백팩(24L),89000원,가방,4,남성,4.9,8,https://www.musinsa.com/products/4670347,2025-04-01 12:37:56
4701164,피지컬 에듀케이션 디파트먼트,베어 키링 데이백_블랙,129000원,가방,4,남성,4.8,8,https://www.musinsa.com/products/4701164,2025-04-01 12:38:02
4193016,디랩,레브 아코디언 카드 지갑,31800원,가방,4,남성,4.9,43,https://www.musinsa.com/products/4193016,2025-04-01 12:38:07
3793301,무신사 스탠다드 스포츠,코듀라 스포츠 백팩,68310원,가방,4,남성,4.9,416,https://www.musinsa.com/products/3793301,2025-04-01 12:38:10
4718376,잔스포츠,라운지팩 CARGO GREEN,94000원,가방,4,남성,4.9,10,https://www.musinsa.com/products/4718376,2025-04-01 12:38:15
4371241,비슬로우,CAMERA BAG BLACK,95200원,가방,4,남성,4.9,136,https://www.musinsa.com/products/4371241,2025-04-01 12:38:21
3549360,브라이튼 캐리어,아이레 20 26인치 PC 캐리어 여행용 기내용 수화물,109000원,가방,4,남성,4.8,1088,https://www.musinsa.com/products/3549360,2025-04-01 12:38:31
3879484,로우로우,트래블 스트링 백팩 721,59400원,가방,4,남성,4.9,107,https://www.musinsa.com/products/3879484,2025-04-01 12:38:38
3640765,바이모스,빅 하프문 스트링 메신저백 블랙,43800원,가방,4,남성,4.8,527,https://www.musinsa.com/products/3640765,2025-04-01 12:38:43
4436524,컨셉타이드,미니멀 레더 듀얼 포켓 숄더 백_Black,65900원,가방,4,남성,4.9,59,https://www.musinsa.com/products/4436524,2025-04-01 12:38:49
2295293,브라운브레스,ACTS BACKPACK V.2,143100원,가방,4,남성,4.9,231,https://www.musinsa.com/products/2295293,2025-04-01 12:38:57
4749803,하 아카이브,Hh 워시드 나일론 벨티드 백 (데님 블랙),119000원,가방,4,남성,5.0,11,https://www.musinsa.com/products/4749803,2025-04-01 12:39:02
4771873,메종미네드,TWO POCKET BOSTON BAG BLACK,90300원,가방,4,남성,4.8,12,https://www.musinsa.com/products/4771873,2025-04-01 12:39:08
3763934,리,미니 올데이 백팩 블랙,55300원,가방,4,남성,4.9,54,https://www.musinsa.com/products/3763934,2025-04-01 12:39:13
913402,메종미네드,TWO POCKET BACKPACK,73500원,가방,4,남성,4.8,9419,https://www.musinsa.com/products/913402,2025-04-01 12:39:18
3808106,디랩,스트링 포켓 보스턴 트래블백,34600원,가방,4,남성,4.8,896,https://www.musinsa.com/products/3808106,2025-04-01 12:39:24
4668877,마틴콕스,Auris Card Wallet,39700원,가방,4,남성,4.8,109,https://www.musinsa.com/products/4668877,2025-04-01 12:39:30
4208803,잔스포츠,라이트팩 PINK ICE,96900원,가방,4,남성,5.0,3,https://www.musinsa.com/products/4208803,2025-04-01 12:39:35
4232328,아디다스,더플 백,37990원,가방,4,남성,4.8,32,https://www.musinsa.com/products/4232328,2025-04-01 12:39:40
4732030,벤힛,시그니처 로고 스트링 백팩_블랙,54900원,가방,4,남성,5.0,1,https://www.musinsa.com/products/4732030,2025-04-01 12:39:45
4659138,아페쎄,레큐퍼레이션 반둘리에 크로스백,208990원,가방,4,남성,4.3,4,https://www.musinsa.com/products/4659138,2025-04-01 12:39:51
4424996,드로우핏,어베인 카운티 크로스 토트백,66600원,가방,4,남성,4.9,139,https://www.musinsa.com/products/4424996,2025-04-01 12:39:55
3812537,디스이즈네버댓,Traveler FT 15 Backpack Black,71400원,가방,4,남성,4.8,47,https://www.musinsa.com/products/3812537,2025-04-01 12:39:59
4715490,무신사 스탠다드,R TRUNK LITE_27인치,219900원,가방,4,남성,5.0,24,https://www.musinsa.com/products/4715490,2025-04-01 12:40:04
4851551,푸마,푸마 x 헬로키티 미니 호보 백,89000원,가방,4,남성,0.0,0,https://www.musinsa.com/products/4851551,2025-04-01 12:40:10
3763932,리,미니 경량 백팩 블랙,71200원,가방,4,남성,4.9,88,https://www.musinsa.com/products/3763932,2025-04-01 12:40:14
3772587,르꼬끄,디테쳐블 백팩 블랙(QP123ABP17),106470원,가방,4,남성,5.0,4,https://www.musinsa.com/products/3772587,2025-04-01 12:40:20
3795474,메종미네드,BUCKLE STRAP HOBO BACKPACK,76300원,가방,4,남성,4.8,133,https://www.musinsa.com/products/3795474,2025-04-01 12:40:26
4165622,엑스트라오디너리,EX CARD CASE  SILVER,14700원,가방,4,남성,4.7,137,https://www.musinsa.com/products/4165622,2025-04-01 12:40:32
4825258,잔스포츠,위켄더 미디움 더플백 BLACK,71200원,가방,4,남성,5.0,4,https://www.musinsa.com/products/4825258,2025-04-01 12:40:38
3354926,토피,카라비너 나일론 백팩 (7 COLOURS),39500원,가방,4,남성,4.6,63,https://www.musinsa.com/products/3354926,2025-04-01 12:40:44
4377354,스컬프터,Vintage Canvas Duffel Bag Khaki,50400원,가방,4,남성,4.8,3508,https://www.musinsa.com/products/4377354,2025-04-01 12:40:49
4751534,보테가베네타,카세트 폴딩 버튼 바이컬러 카드 케이스,495990원,가방,4,남성,5.0,1,https://www.musinsa.com/products/4751534,2025-04-01 12:40:54
4502938,모더먼트,시티 오버사이즈 스트라이프 티셔츠,39500원,상의,1,남성,4.8,13,https://www.musinsa.com/products/4502938,2025-04-01 09:59:49
3210502,미니멀프로젝트,피그먼트 스몰로고 오버핏 반팔티셔츠 MST145,28800원,상의,1,남성,4.7,291,https://www.musinsa.com/products/3210502,2025-04-01 09:59:56
2555891,맥우드건,스웩버 3533 드래곤 오버핏 블랙 반팔티,12750원,상의,1,남성,4.8,12,https://www.musinsa.com/products/2555891,2025-04-01 10:00:04
3950032,커버낫,패스포트 티셔츠 화이트,40900원,상의,1,남성,4.9,324,https://www.musinsa.com/products/3950032,2025-04-01 10:00:08
4877187,이티씨이,GLOVE LONG SLEEVE (GRAY),78000원,상의,1,남성,4.5,4,https://www.musinsa.com/products/4877187,2025-04-01 10:00:25
4853408,플레이스스튜디오맨,포시즌 컨트리 오버핏 체크셔츠_9COLOR,19200원,상의,1,남성,4.3,12,https://www.musinsa.com/products/4853408,2025-04-01 10:00:34
2917014,블론드나인,하프 집업 리브 니트 탑_그레이,39800원,상의,1,남성,4.8,1757,https://www.musinsa.com/products/2917014,2025-04-01 10:00:40
4512541,꼼데가르송 플레이,더블 레드 하트 화펜 로고 반소매 티셔츠,99990원,상의,1,남성,4.0,1,https://www.musinsa.com/products/4512541,2025-04-01 10:01:02
2131210,티떠블유엔,시티크루 맨투맨 딥그린 EYMT3406,37800원,상의,1,남성,4.9,2054,https://www.musinsa.com/products/2131210,2025-04-01 10:01:07
4905442,어나더 오피스,Bold Garment Shirt (Dusty Indigo),126000원,상의,1,남성,0.0,0,https://www.musinsa.com/products/4905442,2025-04-01 10:01:42
2451591,플루크,어드벤쳐 트럭커 포켓 반팔티셔츠 화이트 FST141,16800원,상의,1,남성,4.7,484,https://www.musinsa.com/products/2451591,2025-04-01 10:01:57
4747219,르아르,레이어 헨리넥 니트,56000원,상의,1,남성,4.9,27,https://www.musinsa.com/products/4747219,2025-04-01 10:02:00
3794579,수아레,워셔블 하찌 가디건,39900원,상의,1,남성,4.8,1022,https://www.musinsa.com/products/3794579,2025-04-01 10:02:07
4755936,쿠어,워시드 데님 더블 포켓 셔츠 (워시드블랙),156600원,상의,1,남성,4.7,6,https://www.musinsa.com/products/4755936,2025-04-01 10:02:13
4356204,아르메데스,망고 나시 AR,10900원,상의,1,남성,4.7,104,https://www.musinsa.com/products/4356204,2025-04-01 10:02:27
3439056,코드그라피,화섬 배색 스포츠 크루넥_네이비,59900원,상의,1,남성,4.9,485,https://www.musinsa.com/products/3439056,2025-04-01 10:02:53
4729927,뉴발란스,NBPDEF020B / M1000EB (BLACK),189000원,신발,5,공용,5.0,1,https://www.musinsa.com/products/4729927,2025-03-29 16:21:50
4733726,사뿐,케이트 리본 플랫슈즈 (1cm),49200원,신발,5,여성,5.0,2,https://www.musinsa.com/products/4733726,2025-03-29 16:21:55
1163169,아디다스,삼바 OG,149000원,신발,5,여성,4.9,12279,https://www.musinsa.com/products/1163169,2025-03-29 16:22:00
4731015,반스,올드스쿨,89000원,신발,5,공용,4.9,17,https://www.musinsa.com/products/4731015,2025-03-29 16:22:06
4790480,나이키,코르테즈 레더 M,119000원,신발,5,남성,4.8,8,https://www.musinsa.com/products/4790480,2025-03-29 16:22:11
3785729,오니츠카타이거,GSM 1183A353_128,180000원,신발,5,남성,4.9,119,https://www.musinsa.com/products/3785729,2025-03-29 16:22:17
4706857,슈콤마보니,Delight sneakers(white)_DA4DS25001WHT,340200원,신발,5,여성,5.0,2,https://www.musinsa.com/products/4706857,2025-03-29 16:22:22
4356994,조셉트,MORGAN SUEDE,129000원,신발,5,공용,4.9,10,https://www.musinsa.com/products/4356994,2025-03-29 16:22:32
4865730,아디다스,도쿄,129000원,신발,5,공용,0.0,0,https://www.musinsa.com/products/4865730,2025-03-29 16:22:37
4733249,코닥,필름 슬라이드 YELLOW,59000원,신발,5,공용,0.0,0,https://www.musinsa.com/products/4733249,2025-03-29 16:22:42
4723324,나이키,킬샷 2 W,129000원,신발,5,여성,5.0,4,https://www.musinsa.com/products/4723324,2025-03-29 16:22:48
4030483,마이크로데이,로그,222000원,신발,5,여성,5.0,10,https://www.musinsa.com/products/4030483,2025-03-29 16:22:52
3741204,뉴발란스,NBPFFS132B / W480KB5 (Uni 4E) (BLACK),99000원,신발,5,공용,4.9,301,https://www.musinsa.com/products/3741204,2025-03-29 16:22:58
3416013,버튼서울,어글리 대디 매쉬 운동화 (트리플 블랙),48740원,신발,5,공용,4.8,2733,https://www.musinsa.com/products/3416013,2025-03-29 16:23:05
705611,비에스큐티바이클래시,378 어거스트 3홀 더비 구두 빈티지블랙,62700원,신발,5,공용,4.6,2025,https://www.musinsa.com/products/705611,2025-03-29 16:23:11
3940675,디아도라,살토 뮬 NAVY,79200원,신발,5,공용,4.9,20,https://www.musinsa.com/products/3940675,2025-03-29 16:23:16
3366789,아디다스,가젤 인도어 W,142990원,신발,5,여성,4.9,1478,https://www.musinsa.com/products/3366789,2025-03-29 16:23:21
4299756,버튼서울,스웨이드 왈라비 모크슈즈 (브라운),61600원,신발,5,남성,4.4,13,https://www.musinsa.com/products/4299756,2025-03-29 16:23:27
4152925,무신사 스탠다드,레더 코트 스니커즈 Mark 2,55890원,신발,5,공용,4.8,36,https://www.musinsa.com/products/4152925,2025-03-29 16:23:32
2382099,23.65,VERYLIGHT NAVY,39900원,신발,5,공용,4.8,270,https://www.musinsa.com/products/2382099,2025-03-29 16:23:35
1178135,아디다스,삼바 OG,149000원,신발,5,여성,4.9,11633,https://www.musinsa.com/products/1178135,2025-03-29 16:23:41
3142059,아치스,조리샌들_블랙,49900원,신발,5,공용,4.8,469,https://www.musinsa.com/products/3142059,2025-03-29 16:23:46
4789802,킨,재스퍼 스니커즈 Khaki Iguana,160500원,신발,5,남성,5.0,10,https://www.musinsa.com/products/4789802,2025-03-29 16:23:51
4470120,아디다스,태권도 레이스,129000원,신발,5,공용,5.0,19,https://www.musinsa.com/products/4470120,2025-03-29 16:23:56
3764838,푸마,카르멘,89000원,신발,5,공용,4.7,742,https://www.musinsa.com/products/3764838,2025-03-29 16:24:01
3982328,락피쉬웨더웨어,BLISS LACEUP SNEAKERS,97800원,신발,5,여성,4.8,738,https://www.musinsa.com/products/3982328,2025-03-29 16:24:05
1130307,디스커버리 익스페디션,조거 플렉스 (LIGHT BEIGE),109000원,신발,5,공용,4.9,6900,https://www.musinsa.com/products/1130307,2025-03-29 16:24:10
4722492,아디다스,삼바 OG,149000원,신발,5,공용,4.8,13,https://www.musinsa.com/products/4722492,2025-03-29 16:24:14
4753926,미즈노,(공용) MXR,129000원,신발,5,공용,4.9,10,https://www.musinsa.com/products/4753926,2025-03-29 16:24:18
4791756,오니츠카타이거,EDR 78 1183B411_751,200000원,신발,5,공용,5.0,1,https://www.musinsa.com/products/4791756,2025-03-29 16:24:23
716088,팀버랜드,(남성) 클래식 3아이 보트슈즈,218000원,신발,5,남성,4.8,271,https://www.musinsa.com/products/716088,2025-03-29 16:24:27
4212678,아디다스,SL 72,82990원,신발,5,공용,4.7,3,https://www.musinsa.com/products/4212678,2025-03-29 16:25:02
4797992,푸마,디비에이트 나이트로 3 와이드 Deviate NITRO 3 WIDE (37844908),219000원,신발,5,남성,0.0,0,https://www.musinsa.com/products/4797992,2025-03-29 16:25:07
4836393,바이아덜스,Mormal flats,71200원,신발,5,여성,5.0,2,https://www.musinsa.com/products/4836393,2025-03-29 16:25:45
4699180,뉴발란스,NBP7EC701I / ML574EVW (IVORY),119000원,신발,5,남성,5.0,6,https://www.musinsa.com/products/4699180,2025-03-29 16:25:49
311051,컨버스,척테일러 올스타 블랙 하이 M9160C,67500원,신발,5,공용,4.9,21887,https://www.musinsa.com/products/311051,2025-03-29 16:25:53
3347848,르무통,메이트 블랙,122900원,신발,5,공용,4.9,883,https://www.musinsa.com/products/3347848,2025-03-29 16:25:59
4201520,나이키,에어 포스 1 07 W,139000원,신발,5,여성,4.9,1217,https://www.musinsa.com/products/4201520,2025-03-29 16:26:03
3884791,아디다스,삼바 OG W,149000원,신발,5,여성,4.9,563,https://www.musinsa.com/products/3884791,2025-03-29 16:26:08
4667387,식스핏,5IN HI 스웨이드 독일군 스니커즈 키높이 버전,79000원,신발,5,공용,4.8,150,https://www.musinsa.com/products/4667387,2025-03-29 16:26:11
4832453,낫소,헤일로 쿠션 클로그,15900원,신발,5,공용,5.0,10,https://www.musinsa.com/products/4832453,2025-03-29 16:26:16
3214838,아디다스,캠퍼스 2,46990원,신발,5,공용,4.8,307,https://www.musinsa.com/products/3214838,2025-03-29 16:26:21
4662658,아디다스,가젤 인도어 JR0232,159000원,신발,5,공용,5.0,33,https://www.musinsa.com/products/4662658,2025-03-29 16:26:27
4754895,슈펜,벌커 나이즈 캔버스 스니커즈 HPCR3FS301,28410원,신발,5,공용,4.8,6,https://www.musinsa.com/products/4754895,2025-03-29 16:26:43
1560663,커스텀에이드,3cm 소가죽 독일군 스니커즈 체이스(CR0029),69300원,신발,5,공용,4.8,3547,https://www.musinsa.com/products/1560663,2025-03-29 16:26:49
4739383,아디다스,재팬,139990원,신발,5,공용,4.9,231,https://www.musinsa.com/products/4739383,2025-03-29 16:26:54
2572769,커스텀에이드,4.5cm 캔버스 스니커즈 스탠다드(CR0054),50150원,신발,5,공용,4.7,1052,https://www.musinsa.com/products/2572769,2025-03-29 16:27:00
3914838,조셉트,MORGAN,129000원,신발,5,공용,4.9,287,https://www.musinsa.com/products/3914838,2025-03-29 16:27:06
4234923,아디다스,삼바 LT OG,88990원,신발,5,공용,4.8,593,https://www.musinsa.com/products/4234923,2025-03-29 16:27:16
4716516,스케쳐스,여성 아치핏 2.0 (슬립인스)_SL0WPCFX051,129000원,신발,5,여성,5.0,1,https://www.musinsa.com/products/4716516,2025-03-29 16:27:21
3306089,반스,뉴스쿨,73990원,신발,5,공용,4.9,913,https://www.musinsa.com/products/3306089,2025-03-29 16:28:38
4741662,살로몬,XT,280000원,신발,5,공용,4.9,118,https://www.musinsa.com/products/4741662,2025-03-29 16:28:54
3781299,휠라,RGB 아킴보(1RM02761G101),69000원,신발,5,공용,4.9,40,https://www.musinsa.com/products/3781299,2025-03-29 16:29:31
4138411,솔트앤초콜릿,콤피 스트링 샌들 412424003 (3cm/1colors),79200원,신발,5,여성,4.8,133,https://www.musinsa.com/products/4138411,2025-03-29 16:29:35
2741208,무신사 스탠다드,라운드 더비 슈즈,87890원,신발,5,공용,4.8,833,https://www.musinsa.com/products/2741208,2025-03-29 16:29:40
4788904,미즈노,(공용) MXR,129000원,신발,5,공용,5.0,2,https://www.musinsa.com/products/4788904,2025-03-29 16:29:44
3976349,나이키,에어 포스 1 07 M,139000원,신발,5,남성,4.9,6189,https://www.musinsa.com/products/3976349,2025-03-29 16:29:48
4741660,살로몬,XT,210000원,신발,5,공용,4.9,139,https://www.musinsa.com/products/4741660,2025-03-29 16:29:53
3222874,푸마,시부이 뮬,29990원,신발,5,공용,4.9,80,https://www.musinsa.com/products/3222874,2025-03-29 16:29:58
4714923,나이키,샥스 TL W,209000원,신발,5,여성,5.0,6,https://www.musinsa.com/products/4714923,2025-03-29 16:30:02
3623155,와이이이엘,PLATFORM BOOTS SNEAKERS BLACK,159800원,신발,5,여성,4.9,227,https://www.musinsa.com/products/3623155,2025-03-29 16:30:06
4952932,우포스,OOAHH SPORT FLEX SMOKE RALLY,89000원,신발,5,공용,0.0,0,https://www.musinsa.com/products/4952932,2025-03-29 16:30:11
1562990,닥터마틴,1461 3홀 벡스 블랙 스무스 / 21084001,230000원,신발,5,여성,4.8,2839,https://www.musinsa.com/products/1562990,2025-03-29 16:30:15
3919500,캠퍼,Peu Cami K200514,190800원,신발,5,여성,5.0,1,https://www.musinsa.com/products/3919500,2025-03-29 16:30:18
3892785,휠라,에샤페 레이스(1XM02347H920),89000원,신발,5,공용,4.8,179,https://www.musinsa.com/products/3892785,2025-03-29 16:30:22
4348332,블랙야크,요크셔 시프트 GTX_BE,156900원,신발,5,남성,0.0,0,https://www.musinsa.com/products/4348332,2025-03-29 16:30:26
4935650,엄브로,BUMPY LAYER (범피 레이어) 화이트(UQ223ESA49),99000원,신발,5,남성,0.0,0,https://www.musinsa.com/products/4935650,2025-03-29 16:30:30
3389507,브레노웰트,토니 4홀 블랙 더비슈즈 4810,99000원,신발,5,남성,4.8,5,https://www.musinsa.com/products/3389507,2025-03-29 16:30:35
4660883,프로스펙스,스피드 레이서 103,69000원,신발,5,공용,0.0,0,https://www.musinsa.com/products/4660883,2025-03-29 16:30:40
3983703,킨,재스퍼 락 스니커즈 Taupe Evergreen,151200원,신발,5,남성,4.9,717,https://www.musinsa.com/products/3983703,2025-03-29 16:30:44
1234641,디스커버리 익스페디션,버킷 디워커 V2 (O/WHITE),97300원,신발,5,공용,4.8,2115,https://www.musinsa.com/products/1234641,2025-03-29 16:30:49
3757717,수아레,슬랩스틱 더비슈즈 블랙,165900원,신발,5,공용,4.8,594,https://www.musinsa.com/products/3757717,2025-03-29 16:30:56
4270593,아디다스,컨트리 II,75990원,신발,5,공용,4.8,636,https://www.musinsa.com/products/4270593,2025-03-29 16:31:00
2383245,킨,샨티 슬라이드 Black,99000원,신발,5,공용,4.9,5922,https://www.musinsa.com/products/2383245,2025-03-29 16:31:04
4148942,락포트,퍼페추아 데크 로퍼 PERPETUA DEC LOAFER (CI1360),210000원,신발,5,여성,5.0,8,https://www.musinsa.com/products/4148942,2025-03-29 16:31:08
4699184,뉴발란스,NBP7EC701G / ML574EVG (GRAY),119000원,신발,5,남성,5.0,53,https://www.musinsa.com/products/4699184,2025-03-29 16:31:12
2199665,프랭클리,"벨루어 워셔블 홈 오피스 룸슈즈, 그린",20300원,신발,5,여성,4.9,489,https://www.musinsa.com/products/2199665,2025-03-29 16:31:16
3902319,데베시용,DV WAVY DERBYKERS 01,251100원,신발,5,공용,4.9,23,https://www.musinsa.com/products/3902319,2025-03-29 16:31:20
3816182,엄브로,FIRST JOGGER (퍼스트 조거) 베이지 레드(UP323CTP75),103200원,신발,5,공용,4.8,32,https://www.musinsa.com/products/3816182,2025-03-29 16:31:23
3673734,조셉트,JOSEPHT 101,208000원,신발,5,공용,4.8,159,https://www.musinsa.com/products/3673734,2025-03-29 16:31:28
3046014,킨,재스퍼 락 스니커즈 Safari Blue,151200원,신발,5,여성,4.9,3787,https://www.musinsa.com/products/3046014,2025-03-29 16:31:32
4187882,나이키,코르테즈 W,119000원,신발,5,여성,5.0,114,https://www.musinsa.com/products/4187882,2025-03-29 16:31:36
4869135,슈콤마보니,Knit flats(ivory)_DG1DS25024IVY,222400원,신발,5,여성,0.0,0,https://www.musinsa.com/products/4869135,2025-03-29 16:31:40
4699574,로스트가든,UNIFORM Officer Derby Black,220500원,신발,5,남성,4.8,20,https://www.musinsa.com/products/4699574,2025-03-29 16:31:44
4797718,뉴발란스,NBPDFS130W / U740WM2 (WHITE SILVER METALLIC),139000원,신발,5,공용,4.9,33,https://www.musinsa.com/products/4797718,2025-03-29 16:31:48
4374819,로스트가든,UNIFORM Crepe Derby Beige,202500원,신발,5,남성,4.9,335,https://www.musinsa.com/products/4374819,2025-03-29 16:31:57
4261990,커스텀무드,리차드 소가죽 티롤리안 더비슈즈(vintage oil brown),189000원,신발,5,공용,4.4,14,https://www.musinsa.com/products/4261990,2025-03-29 16:32:04
4763282,푸마,스피드캣 발렛 스웨이드,119000원,신발,5,여성,4.9,60,https://www.musinsa.com/products/4763282,2025-03-29 16:32:09
4123021,네거티브쓰리,Curved Lace Sneakers BLACK,228000원,신발,5,공용,4.8,30,https://www.musinsa.com/products/4123021,2025-03-29 16:32:14
3336135,챔피온,멜로소 스퀴시 슬라이드 슬리퍼 Black,15000원,신발,5,공용,4.7,15,https://www.musinsa.com/products/3336135,2025-03-29 16:32:19
4816558,케즈,벌키 스트링 메리제인(5XM02416H001),89100원,신발,5,여성,4.8,4,https://www.musinsa.com/products/4816558,2025-03-29 16:32:24
4374732,로스트가든,UNIFORM Washed Derby Black,238500원,신발,5,남성,4.8,306,https://www.musinsa.com/products/4374732,2025-03-29 16:32:30
3892790,휠라,에샤페 MS(1XM02348G050),99000원,신발,5,공용,4.8,228,https://www.musinsa.com/products/3892790,2025-03-29 16:32:36
4885077,나이키,덩크 로우 M,149000원,신발,5,남성,5.0,1,https://www.musinsa.com/products/4885077,2025-03-29 16:32:41
4409453,아디다스,도쿄,129000원,신발,5,공용,4.9,45,https://www.musinsa.com/products/4409453,2025-03-29 16:32:46
4114342,메종 마르지엘라,타비 메리 제인 온더덱 플랫 슈즈,328990원,신발,5,여성,0.0,0,https://www.musinsa.com/products/4114342,2025-03-29 16:32:52
4409451,아디다스,도쿄,129000원,신발,5,공용,4.9,126,https://www.musinsa.com/products/4409451,2025-03-29 16:33:28
4662662,아디다스,가젤 IG2099,139000원,신발,5,공용,4.8,28,https://www.musinsa.com/products/4662662,2025-03-29 16:33:34
3756238,호카,(공용) 호파라,179000원,신발,5,남성,4.9,1701,https://www.musinsa.com/products/3756238,2025-03-29 16:33:46
4234924,아디다스,삼바 LT OG,88990원,신발,5,공용,4.8,361,https://www.musinsa.com/products/4234924,2025-03-29 16:34:08
3972398,락포트,모던 프렙 페니 MODERN PREP PENNY (CJ2598),210000원,신발,5,남성,4.9,209,https://www.musinsa.com/products/3972398,2025-03-29 16:34:14
4310207,질바이질스튜어트,하네스 바이커 하프 부츠,96200원,신발,5,여성,3.0,2,https://www.musinsa.com/products/4310207,2025-03-29 16:34:20
3981622,락피쉬웨더웨어,BRYN VELCRO SNEAKERS(MESH) V2,108800원,신발,5,여성,4.8,954,https://www.musinsa.com/products/3981622,2025-03-29 16:34:26
4903307,아디다스,가젤 인도어,159000원,신발,5,공용,0.0,0,https://www.musinsa.com/products/4903307,2025-03-29 16:34:37
4803469,미즈노,(공용) 모렐리아 살라 클럽 TF,99000원,신발,5,공용,0.0,0,https://www.musinsa.com/products/4803469,2025-03-29 16:34:42
4772171,아디다스,태권도 JS4465,149000원,신발,5,공용,5.0,2,https://www.musinsa.com/products/4772171,2025-03-29 16:34:47
3569114,아디다스,슈퍼스타 W,54990원,신발,5,여성,4.9,299,https://www.musinsa.com/products/3569114,2025-03-29 16:34:52
4723325,나이키,V2K 런 W,159000원,신발,5,여성,4.9,64,https://www.musinsa.com/products/4723325,2025-03-29 16:34:58
4452183,아디다스,아디스타 XLG,75990원,신발,5,공용,4.7,531,https://www.musinsa.com/products/4452183,2025-03-29 16:35:04
4776188,아디다스,가젤 인도어,126990원,신발,5,공용,0.0,0,https://www.musinsa.com/products/4776188,2025-03-29 16:35:09
4568591,스케쳐스,여성 고워크 아치핏 아웃도어 (슬립인스)_SP0WWCEY141,119200원,신발,5,여성,5.0,6,https://www.musinsa.com/products/4568591,2025-03-29 16:35:14
1480943,우포스,OOCLOOG BLACK,89000원,신발,5,남성,4.9,1527,https://www.musinsa.com/products/1480943,2025-03-29 16:35:20
3900969,마르니,다다 범퍼 스니커즈,260990원,신발,5,남성,0.0,0,https://www.musinsa.com/products/3900969,2025-03-29 16:36:03
3347850,르무통,메이트 다크네이비,122900원,신발,5,공용,4.9,498,https://www.musinsa.com/products/3347850,2025-03-29 16:36:08
4763291,푸마,스피드캣 발렛 레더,119000원,신발,5,여성,4.9,48,https://www.musinsa.com/products/4763291,2025-03-29 16:36:14
2863055,클레용,7cm 스퀘어토 청키솔 첼시부츠 워렌(CL0056),75650원,신발,5,남성,4.9,159,https://www.musinsa.com/products/2863055,2025-03-29 16:36:20
3495025,할리데이비슨,남성 벤틀러 부츠 BROWN,124000원,신발,5,남성,4.9,135,https://www.musinsa.com/products/3495025,2025-03-29 16:36:25
4661111,뉴발란스,NBP7FS132G / CM878MC1 (GRAY),149000원,신발,5,공용,4.9,145,https://www.musinsa.com/products/4661111,2025-03-29 16:36:31
4707580,킨치,SHOWER,233100원,신발,5,남성,5.0,66,https://www.musinsa.com/products/4707580,2025-03-29 16:36:37
595040,닥터마틴,1461 3홀 모노 블랙 / 14345001,210000원,신발,5,공용,4.8,12329,https://www.musinsa.com/products/595040,2025-03-29 16:36:43
4619362,브레노웰트,608 이태리스웨이드 6인치 워크부츠 굿이어웰트,208000원,신발,5,남성,4.8,10,https://www.musinsa.com/products/4619362,2025-03-29 16:36:49
2735953,킨치,OFFICE,239000원,신발,5,남성,4.9,1750,https://www.musinsa.com/products/2735953,2025-03-29 16:36:54
4193500,킨치,LOAFER,246050원,신발,5,남성,4.9,149,https://www.musinsa.com/products/4193500,2025-03-29 16:36:58
4201444,푸마,스피드캣 OG,139000원,신발,5,남성,4.9,906,https://www.musinsa.com/products/4201444,2025-03-29 16:37:03
4170843,나일론스튜디오,이지플로우 트리플블랙 런닝화,89000원,신발,5,공용,4.9,86,https://www.musinsa.com/products/4170843,2025-03-29 16:37:13
1367805,클레용,5cm 유니섹스 독일군 스니커즈 제너럴(CL0035),62000원,신발,5,공용,4.8,1030,https://www.musinsa.com/products/1367805,2025-03-29 16:37:19
3321375,베트랙트,투턱 슈퍼와이드 슬랙스_크림,39500원,바지,3,공용,4.9,34,https://www.musinsa.com/products/3321375,2025-04-04 09:51:09
4824725,리트리버클럽,BONE DOG DOUBLE KNEE PANTS [LIGHT BLUE],54400원,바지,3,남성,0.0,0,https://www.musinsa.com/products/4824725,2025-04-04 09:51:17
4563849,어퓨커멘츠,메탈 스터드 카고 팬츠 CHARCOAL,97300원,바지,3,여성,4.4,7,https://www.musinsa.com/products/4563849,2025-04-04 09:51:24
4754831,락케이크,Applique R Pocket Jogger,71200원,바지,3,여성,4.8,6,https://www.musinsa.com/products/4754831,2025-04-04 09:51:28
2776430,비슬로우,FRONT SEAM PANNEL JEANS BLACK,29700원,바지,3,남성,4.8,50,https://www.musinsa.com/products/2776430,2025-04-04 09:51:37
4417679,필루미네이트,더즌 섹션 스웨트 팬츠,29100원,바지,3,공용,4.7,175,https://www.musinsa.com/products/4417679,2025-04-04 09:51:46
4773024,유니폼브릿지,officer chino pants beige,103200원,바지,3,남성,5.0,5,https://www.musinsa.com/products/4773024,2025-04-04 09:51:53
2392465,무신사 스탠다드 우먼,우먼즈 릴렉스드 라운지 스웨트 팬츠 [미디엄 그레이],21990원,바지,3,여성,4.8,4215,https://www.musinsa.com/products/2392465,2025-04-04 09:52:00
4266754,필루미네이트,핀 턱 테이핑 트레이닝 팬츠,33000원,바지,3,공용,4.7,515,https://www.musinsa.com/products/4266754,2025-04-04 09:52:04
750908,후러브스아트,유니섹스 세미 와이드 밴딩 슬랙스 블랙,29900원,바지,3,공용,4.8,105408,https://www.musinsa.com/products/750908,2025-04-04 09:52:11
1312045,무신사 스탠다드,라이트웨이트 세미 와이드 히든 밴딩 슬랙스 [다크 그레이],31890원,바지,3,남성,4.8,721,https://www.musinsa.com/products/1312045,2025-04-04 09:52:18
4757521,커스텀어클락,코튼 워시드 와이드 팬츠 애쉬브라운 COOSPT243ASHBROWN,52000원,바지,3,공용,4.9,22,https://www.musinsa.com/products/4757521,2025-04-04 09:52:26
4522605,엠오오,웨이브 벌룬 와이드 데님 팬츠,48600원,바지,3,남성,4.5,42,https://www.musinsa.com/products/4522605,2025-04-04 09:52:30
3048629,트래블,워크샵 TR 카고 쇼츠 오프 화이트,39900원,바지,3,남성,4.8,390,https://www.musinsa.com/products/3048629,2025-04-04 09:52:38
4703071,언더오프,세미 벌룬 데님 팬츠 옐로우,31300원,바지,3,남성,4.8,38,https://www.musinsa.com/products/4703071,2025-04-04 09:52:42
4317979,토피,포켓 핀턱 와이드 데님 팬츠 (LIGHT BLUE),41300원,바지,3,남성,4.9,76,https://www.musinsa.com/products/4317979,2025-04-04 09:52:50
2957575,무신사 스탠다드,리사이클 스트레이트 데님 팬츠 [딥 인디고],32790원,바지,3,남성,4.8,190,https://www.musinsa.com/products/2957575,2025-04-04 09:52:55
4424071,테이크이지,벌룬 와이드핏 데님팬츠 (옐로우블루),53400원,바지,3,공용,4.8,187,https://www.musinsa.com/products/4424071,2025-04-04 09:53:04
3844556,위캔더스,DRAGGY WORK PANTS (D.BLACK),103200원,바지,3,공용,4.9,162,https://www.musinsa.com/products/3844556,2025-04-04 09:53:08
2568732,무신사 스탠다드,젠더리스 와이드 밴딩 슬랙스 [블랙],31890원,바지,3,공용,4.9,3192,https://www.musinsa.com/products/2568732,2025-04-04 09:53:16
4812634,론론,DRAWING PONY STITCH SWEAT JOGGER PANTS BLACK,79200원,바지,3,여성,0.0,0,https://www.musinsa.com/products/4812634,2025-04-04 09:53:21
4322580,락케이크,96 Applique 2way Jogger,87200원,바지,3,여성,4.7,244,https://www.musinsa.com/products/4322580,2025-04-04 09:53:28
1832530,시그니처,투턱 와이드 슬랙스 [블랙],29890원,바지,3,공용,4.8,4785,https://www.musinsa.com/products/1832530,2025-04-04 09:53:35
2796118,밀리언코르,[7160] 캣 브러쉬 슬림 부츠컷 데님 (진청),48970원,바지,3,여성,4.8,988,https://www.musinsa.com/products/2796118,2025-04-04 09:53:43
4815363,글랙,GP140 스티치 스웻 팬츠 (CHARCOAL),89100원,바지,3,공용,4.0,1,https://www.musinsa.com/products/4815363,2025-04-04 09:53:51
4293708,수아레,울 블렌드 원 턱 슬랙스,49900원,바지,3,남성,4.7,484,https://www.musinsa.com/products/4293708,2025-04-04 09:53:59
4539005,바운더리,(기모) 투턱 와이드 롱 스웨트 팬츠 2color,9900원,바지,3,남성,4.5,408,https://www.musinsa.com/products/4539005,2025-04-04 09:54:06
4409069,브랜디드,EXTRA WIDE DENIM PANTS [SAND BLUE],78400원,바지,3,남성,4.9,291,https://www.musinsa.com/products/4409069,2025-04-04 09:54:14
3468726,이에이,NU,100800원,바지,3,남성,4.9,1552,https://www.musinsa.com/products/3468726,2025-04-04 09:54:21
1644714,오더아카이브,Semi flare wide 04,78400원,바지,3,남성,4.8,300,https://www.musinsa.com/products/1644714,2025-04-04 09:54:27
4300479,데케트,Curved Wide Jeans DCPT033CPBrown,49600원,바지,3,공용,4.9,183,https://www.musinsa.com/products/4300479,2025-04-04 09:54:41
2931722,낫포너드,TR Two Tuck Wide Pants,41000원,바지,3,공용,4.8,115,https://www.musinsa.com/products/2931722,2025-04-04 09:54:50
3056151,무신사 스탠다드 스포츠,퀵 드라이 5,45900원,바지,3,남성,4.9,678,https://www.musinsa.com/products/3056151,2025-04-04 09:55:03
4306136,브랜디드,COMFY JEANS (SMOKY LIGHT BLUE),78400원,바지,3,남성,4.9,659,https://www.musinsa.com/products/4306136,2025-04-04 09:55:12
3449637,젝시믹스,블랙라벨 시그니처 360N 더블플러피 기모 레깅스 블랙,18900원,바지,3,여성,4.8,1215,https://www.musinsa.com/products/3449637,2025-04-04 09:55:21
1803235,메종미네드,SAINT TWO TUCK WIDE PANTS BROWN,64080원,바지,3,남성,4.8,1674,https://www.musinsa.com/products/1803235,2025-04-04 09:55:29
1551840,제로,Deep One Tuck Sweat Pants [Grey],35100원,바지,3,공용,4.9,136562,https://www.musinsa.com/products/1551840,2025-04-04 09:55:33
4736229,아웃스탠딩,PCU NYLON RIPSTOP PANTS_OLIVE,75200원,바지,3,남성,5.0,1,https://www.musinsa.com/products/4736229,2025-04-04 09:55:44
4447811,후러브스아트,원턱 와이드 시티 슬랙스 블랙,32000원,바지,3,남성,4.9,14,https://www.musinsa.com/products/4447811,2025-04-04 09:55:52
2473740,어반드레스,Modern onetuck wide Slacks,29500원,바지,3,남성,4.8,290,https://www.musinsa.com/products/2473740,2025-04-04 09:55:56
4767306,프렌다,97PDC LACE DOLPHIN SHORTS BROWN,31200원,바지,3,여성,4.8,15,https://www.musinsa.com/products/4767306,2025-04-04 09:56:04
3290114,판도라핏,[BOOTSCUT] Million Jeans,34450원,바지,3,여성,4.8,136,https://www.musinsa.com/products/3290114,2025-04-04 09:56:12
4330051,드로우핏,와이드 퍼티그 치노 팬츠 [BEIGE],59400원,바지,3,남성,4.9,90,https://www.musinsa.com/products/4330051,2025-04-04 09:56:16
3934270,토피,베이직 와이드 데님 팬츠 (GREY),39000원,바지,3,남성,4.9,31,https://www.musinsa.com/products/3934270,2025-04-04 09:56:24
4319047,리브레너,유니온 원턱 와이드핏 팬츠,16900원,바지,3,공용,4.6,32,https://www.musinsa.com/products/4319047,2025-04-04 09:56:31
4556283,시그니처,논페이드 스티치 퍼티그 데님 팬츠[인디고],39900원,바지,3,공용,4.6,14,https://www.musinsa.com/products/4556283,2025-04-04 09:56:38
2171390,모드나인,Black Out,67500원,바지,3,남성,4.9,655,https://www.musinsa.com/products/2171390,2025-04-04 09:56:45
3823843,지오다노,나일론 카고 조거 팬츠 414508 [3color],45000원,바지,3,여성,4.9,878,https://www.musinsa.com/products/3823843,2025-04-04 09:56:53
4861452,글로니,THE RODEO JEANS (DEEP BLUE),158000원,바지,3,여성,4.4,16,https://www.musinsa.com/products/4861452,2025-04-04 09:57:00
4808290,디키즈,베이직 루즈핏 스웨트 팬츠 Black,63200원,바지,3,남성,0.0,0,https://www.musinsa.com/products/4808290,2025-04-04 09:57:05
4308206,디미트리블랙,VLAD 라운드 슬래쉬 데님 팬츠_더스트 인디고,29900원,바지,3,공용,4.8,766,https://www.musinsa.com/products/4308206,2025-04-04 09:57:12
4835189,오도어,Letto raw pants,129000원,바지,3,여성,5.0,2,https://www.musinsa.com/products/4835189,2025-04-04 09:57:19
4750069,워크온바디오프,세미 와이드 원턱 슬랙스,40760원,바지,3,남성,5.0,8,https://www.musinsa.com/products/4750069,2025-04-04 09:57:26
4841116,플리즈노팔로우,Camilla Side Pocket Pants  (Black),270750원,바지,3,여성,0.0,0,https://www.musinsa.com/products/4841116,2025-04-04 09:57:33
4318337,토피,사이드 턱 스냅 코튼 와이드 팬츠 (KHAKI),39530원,바지,3,남성,4.9,143,https://www.musinsa.com/products/4318337,2025-04-04 09:57:40
4864194,더블유브이프로젝트,멜로우 벌룬 코튼팬츠 브라운 JNLP7782,45900원,바지,3,남성,5.0,3,https://www.musinsa.com/products/4864194,2025-04-04 09:57:48
4765228,토마스모어,트윌 워시드 팬츠,73500원,바지,3,공용,4.8,10,https://www.musinsa.com/products/4765228,2025-04-04 09:57:54
4511488,이넥시스,리플렉트 와이드 팬츠 (Black),52000원,바지,3,남성,4.6,8,https://www.musinsa.com/products/4511488,2025-04-04 09:58:02
4783755,데케트,Tin Washed Wide Jeans DCPT059RustGreen,51700원,바지,3,공용,5.0,4,https://www.musinsa.com/products/4783755,2025-04-04 09:58:09
4288269,디키즈,덕 캔버스 더블니 카고 팬츠 Black,89000원,바지,3,남성,5.0,13,https://www.musinsa.com/products/4288269,2025-04-04 09:58:17
4794912,스켈리웩,워시드 퍼티그 프론트 카고 팬츠[블랙],69900원,바지,3,공용,4.4,5,https://www.musinsa.com/products/4794912,2025-04-04 09:58:23
4828728,프렌치시크,레이어드 랩 스커트 와이드 슬랙스,39800원,바지,3,여성,4.8,12,https://www.musinsa.com/products/4828728,2025-04-04 09:58:31
4810660,세컨모놀로그,세미 와이드핏 트윌 코튼 치노 팬츠 [CAMEL]_SEPT051CAMEL,39800원,바지,3,공용,5.0,7,https://www.musinsa.com/products/4810660,2025-04-04 09:58:38
2565842,모드나인,Sandman,69000원,바지,3,남성,4.9,315,https://www.musinsa.com/products/2565842,2025-04-04 09:58:47
2425479,리바이스,501® 오리지널 RIGID 진_00501,89100원,바지,3,남성,4.8,815,https://www.musinsa.com/products/2425479,2025-04-04 09:58:57
4737337,무센트,해머 사이드 포켓 카펜터 스웻 팬츠 (3컬러),49900원,바지,3,공용,4.8,17,https://www.musinsa.com/products/4737337,2025-04-04 09:59:06
4501467,아디다스,BB 트랙 팬츠,75990원,바지,3,남성,4.8,110,https://www.musinsa.com/products/4501467,2025-04-04 09:59:15
3983769,나이키,스포츠웨어 에브리씽 우븐 미드라이즈 오픈 헴 팬츠 W,105000원,바지,3,여성,4.9,51,https://www.musinsa.com/products/3983769,2025-04-04 09:59:25
4210183,무신사 스탠다드,레플리카 퍼티그 팬츠 [브라운],32890원,바지,3,남성,4.9,174,https://www.musinsa.com/products/4210183,2025-04-04 09:59:33
4900406,디앤에스알,커브드 데님 팬츠 블루,89600원,바지,3,남성,5.0,28,https://www.musinsa.com/products/4900406,2025-04-04 09:59:46
3848321,제멋,[2PACK] 사이드 트랙 원턱 스웨트팬츠 2PACK OYLP2544,49800원,바지,3,남성,4.8,118,https://www.musinsa.com/products/3848321,2025-04-04 10:00:05
4443654,론론,CANCAN RUFFLE LAYERED PANTSKIRT BLACK,70400원,바지,3,여성,4.6,122,https://www.musinsa.com/products/4443654,2025-04-04 10:00:15
2470098,언아웃핏,컴포터블 투턱 와이드 치노팬츠 6 COLOR,34300원,바지,3,남성,4.8,1309,https://www.musinsa.com/products/2470098,2025-04-04 10:00:28
2089220,효지,[사계절]스트레이트핏 세미와이드 슬랙스 P3005 (5컬러),45900원,바지,3,남성,4.8,957,https://www.musinsa.com/products/2089220,2025-04-04 10:00:40
4778484,베이스모먼트,투턱 와이드 스트라이프 슬랙스 그레이,76800원,바지,3,남성,0.0,0,https://www.musinsa.com/products/4778484,2025-04-04 10:00:50
3105757,토피,샤인 나일론 스트링 밴딩 팬츠 (BEIGE),39000원,바지,3,남성,4.5,42,https://www.musinsa.com/products/3105757,2025-04-04 10:00:59
4644791,무신사 스탠다드,커먼 브러쉬 와이드 데님 팬츠 [라이트 인디고],44890원,바지,3,남성,4.9,49,https://www.musinsa.com/products/4644791,2025-04-04 10:01:07
2377238,디앤에스알,딥쓰리턱 트레이닝 (Grey),84000원,바지,3,남성,4.9,842,https://www.musinsa.com/products/2377238,2025-04-04 10:01:15
3775157,리바이스,565™  97 루즈 스트레이트 진_A7221,89100원,바지,3,남성,4.8,229,https://www.musinsa.com/products/3775157,2025-04-04 10:01:24
4230825,나이키,드라이 핏 원 미드라이즈 3인치 투인원 쇼츠 W,53100원,바지,3,여성,4.9,52,https://www.musinsa.com/products/4230825,2025-04-04 10:01:34
4262984,언더아머,론치 5인치 쇼츠 1382617,44100원,바지,3,남성,4.9,41,https://www.musinsa.com/products/4262984,2025-04-04 10:01:42
4060154,언아웃핏,원턱 워시드 와이드 코튼 쇼츠 5 COLOR,34300원,바지,3,남성,4.8,1295,https://www.musinsa.com/products/4060154,2025-04-04 10:01:55
4719776,트래블,레이스 라인 져지 트랙 팬츠 블랙,52000원,바지,3,여성,4.6,7,https://www.musinsa.com/products/4719776,2025-04-04 10:02:07
3076170,엑스컨테이너,린넨 필 와이드 데님 팬츠 (3 COLOR),27300원,바지,3,남성,4.8,27,https://www.musinsa.com/products/3076170,2025-04-04 10:02:19
2119984,드로우핏,와이드 밴딩 치노 팬츠 [BEIGE],59400원,바지,3,남성,4.8,7148,https://www.musinsa.com/products/2119984,2025-04-04 10:02:30
3155551,소버먼트,860G 스냅 스트링 스웨트 팬츠,72000원,바지,3,남성,4.8,642,https://www.musinsa.com/products/3155551,2025-04-04 10:02:41
3092811,맥우드건,립피드 7302 제클린 레귤러핏 다크인디고 데님팬츠,23700원,바지,3,남성,4.7,28,https://www.musinsa.com/products/3092811,2025-04-04 10:02:51
858911,토피,와이드 데님 팬츠 (LIGHT BLUE),36750원,바지,3,남성,4.8,72398,https://www.musinsa.com/products/858911,2025-04-04 10:03:01
3513309,필립페이커,카펜터 버뮤다 스웨트 8부 팬츠 블랙,34900원,바지,3,남성,4.8,1231,https://www.musinsa.com/products/3513309,2025-04-04 10:03:12
1759490,비슬로우,COMFY ONE TUCK SELVAGE DENIM PANTS INDIGO,95200원,바지,3,남성,4.8,9024,https://www.musinsa.com/products/1759490,2025-04-04 10:03:22
4330047,드로우핏,워시드 더블니 카펜터 워크 팬츠 [BLACK],64800원,바지,3,남성,4.8,154,https://www.musinsa.com/products/4330047,2025-04-04 10:03:30
4754590,락케이크,Open Pocket Cargo Pants,92650원,바지,3,여성,4.0,3,https://www.musinsa.com/products/4754590,2025-04-04 10:03:39
3483185,언노운 플라넷,커스텀 원턱 와이드 데님 팬츠 빈티지 샌드 블루,59800원,바지,3,여성,4.8,732,https://www.musinsa.com/products/3483185,2025-04-04 10:03:47
4837528,제너럴아이디어,핀 스트라이프 와이드 슬랙스 [CHARCOAL] / WBE1L11507,55000원,바지,3,여성,3.0,2,https://www.musinsa.com/products/4837528,2025-04-04 10:03:58
4841129,플리즈노팔로우,25Damaged Washing Wide Denim (Washed Blue),165300원,바지,3,여성,0.0,0,https://www.musinsa.com/products/4841129,2025-04-04 10:04:04
4870202,애즈온,CALEY BOOTS CUT PANTS / DENIM,98000원,바지,3,여성,5.0,1,https://www.musinsa.com/products/4870202,2025-04-04 10:04:12
3851957,트릴리온,사이드 턱 스냅 버튼 와이드 코튼 팬츠 (BEIGE),29900원,바지,3,공용,4.7,712,https://www.musinsa.com/products/3851957,2025-04-04 10:04:24
4308000,언탭트 스튜디오,이지 세미와이드 슬랙스 3Color,32430원,바지,3,남성,4.8,301,https://www.musinsa.com/products/4308000,2025-04-04 10:04:31
4626516,바운더리,벌룬핏 스터드 조거팬츠[그레이],45900원,바지,3,남성,4.8,42,https://www.musinsa.com/products/4626516,2025-04-04 10:04:39
3064467,어반드레스,Herringbone wide pants BEIGE,47600원,바지,3,여성,4.7,374,https://www.musinsa.com/products/3064467,2025-04-04 10:04:48