keyword,text,hashtags,likes,comments,date,image_url,video_views
여행,gAAAAABnykVhVoQ_p17Z_aR_tDGeE_pTrFhYK0VWr0dx_UYNMb_ZtHmebaCZMXSgEJh0r182VfK6HJjlgZrO_qRXejmqP4xPhr7BQHtNzUbW4hEpIyqveD6NFkB8miUTqwUg3Jzc-DpEMYXeGR82Bl9-YHhMbvOBarS7UMiyVQ9caWIqsnal_K-ZmpG9QwE-fNA1e-FBMlbl-XNas4L1oz_mbuFzTEejjQvtD0lDdt7g1YCdnCtH5eNIZsiGkm5Y8tVojDUh-UAD3zRC4gLmzQNmqBBe6qsgMcsJElQ0Dg4gwqXYyM_hXqb2tG4eCtNaqOTadzmEG5PHLVW311MSqBfUMl9rlfQoxhzAApAPRu3ZoLeUC162wFYDmWHoj-Ua7z2UpaBwJ-rWnHDV5JfNcamDfmpipAf3oDw9riApMBfETAyGDiieT92yYOows8bUwL8v57gDNySblllAGQ2gnOlNwIBON6CHMDWeRRLljR1u6F5DiAstpukL4py9YcVW3RJMUz3vkqWZ8IUPOdaD7xYiQTcIQ6Fk7DHCYWVdTzMwzxoMLeJCkC4cFRDiK-TfqnfN1_69P8jelodq7EqSeFBnyfR-rvHuvqoKfpGklpp7ujMNMrLSZTftsa8_ak3UICohEl1tJnbwrAbgtkRVHthUk1xA3R5v2HdcPTNwpzkoWItGZvce5TyRhP0aA4XeA3yq5tXuCk-zvPc-v_d5KU4QD0bLWfMzedAXyOeV31ndKCYnvLC2QDMn4SBm3izDg9gixOnYlRhCKiaHqF9sRvH9WtnP2wlsq7YgfaEYNcMz1XJ_L5rst7OLoeOB6erBqNOI5GivLVecGDPYl4cnyxLlzi9hXyElN58JASm-Ym5FmWYSUFBdpfPO54KdZP-KTYLC8Ot3iKj-ic7NKxQoKH8siLGyqq2a0UvXsfEKOl0AnuLE6AEf35PHDTqSrhLMjgtOgECzKYJCh8faTg7Ju1L5-wBgG5OPlcKRmgRDlaWRCmhNcwf2xs2RZ56W8MB1bL4mWMX3xDsh5sjormNlItXKBnDJtug_kFvhfdlysV9vTGcFl9Y4cgZiy3VU7p7IO0kqc-_K0Xu-d26Dsq253Ro5MTZFgOs9VuD3cVkz-Jt9ICC7uy70fGYorHFeF1jxMA8SFJKzWt-gIqlpjgf6eGyFcgmWFDrckaXFW4cdpMJj8MG760cRPkgPu0iH1rE30NUDw0f-V-wf4SbIHRnWYQcRXORrIBIZW7BJkDUch8VTUCcgc5KvjkeTo6gk5FNk_YLJtKha4irXN4llkmuqL7pPuW-9l19d_oQORL_BBco-rV0vpPTmLqlJcu3Ecy4KZFCC7QhEeh1euOud4SQw3PbsVnbflpc_QeBx9Ztyeo-29EHPplksJgAhCJTwykg2faPK0NQ104Q0YUkj309Phhgzlmvi783Mimm-4ejPrcdGtn7U6eQ--UX3OpuesEMH7u2uu6xO0VgseSWwJovzfc-n4te0iKJM1Bz-Jo7dTb3Krhgj1sVLZslrg4QyWT04zWIUx0Qbegzv8UTPnhZnQq1a-g1ANPRwmXzZnr-xJjl0sZ43jIHk3Kp9s12g6SON_yDyZHuCFtc8YXRN-Vq6oBnbJxXJh-INP-uLNDMnp9WzaF_3SOL2ZQJcCHD-cggxYnFzd3QsPErt_j5XqOPBGO-tx-SW6Cf-HL6ubddAndPhLxkdGwlq-CA2Vd8FX04q3GZDnJayAadAwTFWE_IM7mXtFhZUDDJx7h39Dv-jDWwGX7mcC_s8tumGYa_0A_F_A2uDqTTwkdLpGSVYTNQ6su0ujFzuZqxsP2D1i9y4iZadZqyKCjWZVFxet_wVpMmWuaCdBcbG1MycND_5PLIfFOPzlQqL0lsMaIIm1g9RsHQGRh32qoSGB53w4tJudwa13hmVICKHqOvrPIvCnvWTd9-fQzZiBgY2OIFznTQTQX43oXNgOW9NbCohUzniI6EWglWjyQP2MdV6-WHZ0EwZ7XfJJofazsOCct5UWbTFZ9mWjYLJI9zTR5QD2ec9hnwJZ-CKrQD7m_Sb-zY1xiG0Q8EYOiDU7O9Q-Q==,['gAAAAABnykVhsRIcBLs4KG5phYNSDS5bVbkjzq4Nx2qDSsDburqNz2WrMhMLrccA3oVkikeLyDcXf1xIWnOiljNlzv0qgS6AbQ=='],1.7,,2025-02-28 07:38:50,https://scontent-ssn1-1.cdninstagram.com/v/t51.29350-15/481024771_3639020299732080_8428831826462519198_n.jpg?stp=dst-jpg_e15_tt6&efg=eyJ2ZW5jb2RlX3RhZyI6ImltYWdlX3VybGdlbi42MTJ4MTA4OC5zZHIuZjI5MzUwLmRlZmF1bHRfY292ZXJfZnJhbWUifQ&_nc_ht=scontent-ssn1-1.cdninstagram.com&_nc_cat=100&_nc_oc=Q6cZ2AEFwh1AaDaB2XREI4htPm3289lHxmBtdjXr_mMSIY5Of0h0vqxDiFRCFhwZPLICWRM&_nc_ohc=MoAO89N9TkoQ7kNvgEH6wQ3&_nc_gid=6415222207fa4de2b98ee629d9321003&edm=AFlAz-oBAAAA&ccb=7-5&ig_cache_key=MzU3MjY4MDk1MjM2MTQ4MzUwMg%3D%3D.3-ccb7-5&oh=00_AYHnifrNr0LLxqMFLg4mdt5oDjj7dL37yzft64ACjX81GQ&oe=67D02E95&_nc_sid=76c0fc,
여행,gAAAAABnykVhfjigPnrW7RTF4Z8skVxrzJcz3IDYaGalcHkWDp8zCKiTpdwDhfN2eNB5oh9NgiQFhjGs_PTPZPYq2T4R5fjs87lZbfJTuI0kL64mCpTKpdQABOvv3HlDt6ZbK9AlpTU80u9O03urcyWXdRy8sgOS7hUlXh1vgN-XHnxYJSysAZj6NMhhR_yv7Lt3oQVGlBrZ-gtYqxHVGveV3B8ssU_VshVPmGnxtEeB81KJpOOXEmgKiopKq-w4rVjWxPX1_R7ztCd0y3BOYsq4KMWlvE3FVi-pFqUmlIa1yW_oriugQm6NQ8267UnqLZRAkl57Yrx3uhKzhc7sYDarWFzyDRIckbdv-MCRzpNFiU2Lakob7ORHHMQPqcc_b5JOwYq3i1hGpDNAUxRHhRwPowvK3nuAcspW65loTVdmcgRDuZpnuVTXp4ZlshI54SBTFcs5Ks8P1K1_BLnUmGyR4gsKztOO02W78esxp5du2XIQgv2VYuqUqeJ02uxd30-SwT3MCImW52-Y2r0gfACLvfeHsAMQgSXQte_v9trUTCJGrQJ3L7POxon5VBW_0914O_W1T633Wo_4TUYcj3fKMJQyDi5fa-LXE1JGFXZgvH527tBZ_jgQqrHs5dbRhloloFi-or5ZTRosZzUbIp2I7tflbc3IC7qx1GEkKqE6-0sVgAhPDRZMxQUJn5fNjgWAQV5t0Tn1XTQUk5U02zvY_KcL7kQSgeAAfUomCYYlqevx0opHyQB-k0kS66Xt02JK-NWkD0RDDrSzKIt_GzVFcr6UDdd7woZTRUKfdP0K4VLhsviAnspSs4ymPg_K_OizmTua4wcevX-Ab1T_7pqH1_vODxVcueshHeax9HNmDnk5zDYD4-BYgEDXDBLLuU3R9JfwSfiERAkVZrBOigxikQ19ykR4gmELz-gtv8JE0BAiVrPcj0wFS9W_oocmhkWjrmUSTrk2zp34vt6T62-wJrBdPd_oR-LcNgYqAdnHtUSEVS24SIMk3fLd-ifr9Z1y1rZNV7FwZbYn7bvyNvTAInsjkvrGMs0cirIAYNDLFuFbgBNNgWkTB1poqgSvLuw-9YGIkbPPBKvYYUln4yp_6RLFsuRcPim-WHnCNSkx6LMw0txefxIMCRDOelEx8ynl1eCCPj3u-0ajyMSiOi0xi3ObMONT7wdYJMv0YFjq-T9zfzs2hFG8loHDv2ZRbOGYP_xGwLx4xVu3gT1Qqj5um6EGfIiM4UMUJ2gX4nOcubM3jkhY9ngFb9-JPxbWenRB67-wwaoMfCDz3Wggx2pTrEZ1MfzMTNr2_3OFkrSI5KSVQuluXMF2ehsz6zZkcKxjkw3cK_P-h9BeITnKtyWqpdutMoa3fTdAUIH54oA6RRCDsMzg3kkrw6-JJ8nzhLtX3QBA7WOYvqpCkgYY4OwWw7CKldBWLIcoRmzshlEkp7g38916zUNNmgCld4R_Eo0Pqr8jdD1xsARNEPe7qhHwnRbtWC_sEbsmPfz8u7TGrSHVYz5bqPObeuN_N1CVAHeP9jQqyyEmYGLJ5AmQAUSsPjiJoTzslX2mvEhruNRM_s3q-uUIpSSe4WhFhYPnRACyUjghNkNvAqSZzdj3Z5M3MjiLWrtLD8AU9qtu_t_aIUUiKkl6GWvBU8ouJnl_JyJ_N47WODeLRfcL2FkyV9gJ7Yjf-VEfQHU_c5pypLSA1AI3pwXPNz_3qm5lfza-rsbZymBQm1mfqXVszalVofSdpMlAOYGJniXoGnLFUzm53nDqJICmD0Up2PaSQCI5onVTtq7SJzoTbU8FUd3_Cj-bSBgkTv2C17DtakeJLarEgDMrNBzoLVATxSBcCy8taT3AGywOgpVxzFmpE5sBiaFIX5-JC-yLgF8IhvCO_kWwfdiweUzOVbgTozhrZ8dxGJLVzvwS6p6c-xkuCpFUP2hXSYMA40eh0ztYjpQ1oKFFhVMtpqXJYrLHnFSi28l2LlehcjnSvHAhF1UGoVjNdkd985PjoOv2w9j5GYrRdtP7SC3eNfTvYx83QaxXQj4emom-4GJwghQKAXVkUGCh-S0BquQcI84hQxsBp1By81vMrKIkgWzVT9n51TAkliVi0SVaLp1e1rcfSD7SM6slYqXHTVwNtpk3DYfOYlXIFjSgjzUkK1Q7eBzcmc0gy_OxZupiIC4TjY3IRmMjeZV8MPevCYibqlUB5Puefg-_MKbuwTPTyg7RhXxvWHz5pL2k2nMfwh7F3zv0_bEkiwc0GRmXX8TTjsBCO-zaddLlblrwuW6-LQCKrj_bJrIH1DhXkBlhWEJJddNKq8Wj7hSUJs9lXfIVuJT0JyExOBnGoteBivi4ehQPYMRwOBkEMf74rBlVZKr8o5R5GGTk_6YiKoIoI67UsMB1LvsZchrGuVyc9E5mJQs776s1jCUEkgWgfxnW_rl6El1xQ3Bzbm_i3RS4KPV7yYZJ8fKfVskm_e4BxkoLv8C2fwVMhQxFUgEJiiuLE8Vfw9fSazAmMb_Yauwg4am1_nsLEElns-SkrLNiRTFtSm-EWahTOhuw_7V-icBsazgJYkXEVp5NYAYWxZdvUcvDrZav-76EunwCZWc1OqJOpdkzoWRJQWgqDsI72-wnovNOSAxkQV9BwhI-rDNeq0W2WwWypkkv3HBapgn49e2yBMcW2ATu7HXTVNjMONPtE1HujutNYfddIP0TXiU6UZqU04LNdCjEH_f4jNPAVtNsbrKEdglWTgmz-JdcMaNZlGzBJFdrulxB3p8-40BJNhCRQn0LyuXOMxEUQSTb7W2JyltUFOzPjx03DQJEkNoXp-_Coyad8Z9H_TEkdJYOwecdf0gOFwHhOYFxExOe2Vc3-ujLJweOLBhJrFMNIbUDNLIOlxhDnpshOJLbPHfxIfFcdHLNbTFqfWWYD5kvyx-3_ul-AMbpY7v1xkrm8IAPpSf5gYbAWAVBp10fWqFMCcdbfNby_23nXsCfSNJkIPPo192dgwpxFFPZMViLUajGwE-FWuK9Q_uYT4rHSQuoXyev2wBkjv5t04gIBByULwWGTLKZ3SqXQSEKjN5oP3OlWDiuKc0ThVGp96etmYCvmcnm95VHlzWpUN1RJnR-ezXZsuCqUC_F4qQmW4vKhc3wC0nGf72quVdLWSErhUxTZvSvoIXhSzwqs0G-MiAXbR_W-MKvgYxQzzE5aU-YbCEy0jA7zU7cGo0Q0dGw9RtE1dimV5j-9Kihq2dT96yAgkv1hnqX0YaY6JV5KJXD2wDxg2U97bvfb73gdkyeaQvkq8bk9Ckv5tXuviEfQK0xgJ4W38EHEylGtPXqCnLnCzLzJjD8fMImgOB6QGn3erjvDQBmD4uT9U5Iz8uyilSHDz2r4nQ9ASot8Y1cnreWwT8WTdbNCef851yKt2Vbn32TWrX9jD3SkQ==,['gAAAAABnykVhdodfsg59lBgk7lJX4ECLXNKH6SWWK2aGbma1H3zzEGXfXfrxf_eb1e5mY5Kbgp1uZu2GvMpovaddZ1wODkhYJg=='],7998,,2024-10-17 07:13:14,https://scontent-ssn1-1.cdninstagram.com/v/t51.29350-15/481024771_3639020299732080_8428831826462519198_n.jpg?stp=dst-jpg_e15_tt6&efg=eyJ2ZW5jb2RlX3RhZyI6ImltYWdlX3VybGdlbi42MTJ4MTA4OC5zZHIuZjI5MzUwLmRlZmF1bHRfY292ZXJfZnJhbWUifQ&_nc_ht=scontent-ssn1-1.cdninstagram.com&_nc_cat=100&_nc_oc=Q6cZ2AEFwh1AaDaB2XREI4htPm3289lHxmBtdjXr_mMSIY5Of0h0vqxDiFRCFhwZPLICWRM&_nc_ohc=MoAO89N9TkoQ7kNvgEH6wQ3&_nc_gid=6415222207fa4de2b98ee629d9321003&edm=AFlAz-oBAAAA&ccb=7-5&ig_cache_key=MzU3MjY4MDk1MjM2MTQ4MzUwMg%3D%3D.3-ccb7-5&oh=00_AYHnifrNr0LLxqMFLg4mdt5oDjj7dL37yzft64ACjX81GQ&oe=67D02E95&_nc_sid=76c0fc,
여행,gAAAAABnykVhdzdi91X9VnymvYXf0TnCda7siFkRh3LmaRkzRnhxANDf-n6PGia9-1vg-3RHVfHKounC0-Sw6zZEdbA9yfv-bnxE4Iz1tWWxbRK4BFdPjjkfK2q5uNIpVsSp2rpXos9-wl4SJUvJHPnxNo81rvqIRYPFtd83ARgHo4LU3kMnvNZch1cCKBiGA9LwN43a0qBuwR5HUxmSq1SHs1Vi2Xuxu5zE-dOPT7dO5iTcM_ExrwKaS7iFCsTrV5jyQUeoHj4tHoS5XAM3VqRHrMlTHFvv0stzObrxQEbyw1ZTjQ8VtABeM2t_isWXZsaqkEh0RUsQrlOGX0VHXdwC2_xUUi0vRKrOyJG7dk4pcOvB7eXpcEY0DDohJ7SRJZ-LRs365PFSnzXS2qf4n9_dgVmP0ObsHSzyd9FuBjDxRKpx2CuG58coar8JG80lSw7k47k7Bv7LUjWTEOdo0PGaV2rnz_BsD_0vh1lV3Drl64ZPn-LSc-t58rdQOS6MH37bE-KdqbGzaztfSRzIqpsQ5H-Xhn1gMYiy-PROA7Ft6Krh-KkcuFDYmTaV3RqEoK0wFurSGjmnunJEArDKJmO8gbuPIVTBaeoTBOtLQu9hyRYni4OUo9sc8oYj_IFlHmilke8x7WJhdAr0QHbO7JCsH0u_gpsgqrJcPVV10IMrYzyV7LW_1LE-FucJ8Hj1WzN3yCUKV8H3J_C5V1JmZPLAiXvhd_kSc-66csDwyOi--U5tCwWyHQYnE0LqfanBwhqPP9KwysS8hZkMjTjqFObBM-_J0EuCivWRn2dQAkKNSziuC-LOEi43AqtStDGTdtf4Ah1vtgdoHH7NKN3vPsmigu8TsVmhQ_EP8WMP3g3bTLYL5Yd0QwcqKdj2OfDY7l1U3xlQq_8rqwk4BSrT0uhqkBwEsoFRoMVyEX_M91kqEO2ZWxQT08sfLkehGe2C3L2Y39I4uClqxFbpAx-_LZGKVTZp0o5OOgrJpPbKjr3Xmf0kNVP_HxhGx-t0Z57JW5JGeMrErXcXAAfPkgpFAOZdMuHhENKPicYTf4aDHZX9FcNoiDIg1YW8xUpBLvwyNBgUmIhlu0BozbeQNuTjk9cCv-8z2pZ7gwVfjKGcYEVl160D1cbRNdQVOtaOO7ClROjmEnDUvA-sPPtCPudd47ss_fVQqKM6DVTwtw_s3R3XZKfGbC-VwjiTnl6Gyr3NcQs5DiRGfPT8vljVmxeQeRS9Zdw5WzvK3gESScc8JhQWQH9lI28pH_daorEB9tYPEYKL6VvO6LMPKZ7-pdH-OITUTGwsfW2qj4oXyKZOZDX-uXoSWthGGrU_BTrXLxcJPF5GJRbzvSutaUomS8iOkNc3eJFGzTEGrAZWvOrZyLyuzA1GXkP5ht0wEFC-K1ULMqsyGAd2LXX2y1gqD6G53Iz-xzj2K8Mjn8yCutn-Kxnt_tPJo6LhHvPSVPpGre1KfVpV3RPcLwkfMsfY-6l7uA75_NkWz6ABnuwwzRx4LTmSEy79t0sJadUCxLPSvPOcR1S3BnoaGlkqq1xH6BV8i0Ruec0AIKbRGa0HH4hDkNlQbLlpThXcmkSfhXdQjLAesFPomZHRZxa6kvWUT_KJeTFTKvZf2hlbMQ0Tc1P_cFv8jZ1zZmHAKuuRzzcHbGGSJ1k0amBP6XjFYvBKbmBOfe08meJRt4CF1CcjSGyONuADQ4b4ocJs0fZBIOnKK9FLQhhP7hNAUBjERgo_OaYesnqTDKTgoPFvZKp-ncas0KwPKy05rSBsJtODA4rtZwta6_-jOwTTz4MnXVsRqA3VAfS95hgYvY2PXSWpq4PFysYgdSKlUAuBNbxDEVxYT2oUx5kUsDcZsNG4jt6NQtNGbS3fNKiewCJbhwpjitYGHTpUGKWmPkvEkMRiYkjJb7Wn3znVfLnUZmULrj6mcAHGH_L0sSNfoPnN5ph34Bcj5SiGN4UXhnyGMVzK42D7o8Bk3xW7iAozRXM7HnRG1SNhAvwEWdH00Skmef3z7ZewLoFCH5hzk-U5SX8Hgo4OFaPRqxZDg_QHzIZajH8qmaemNQOwJJkClqv0bIPu_bdEwchUXvkHT_Up7pkfIoFvjr0aTgurJ9N9G96GfhCEL1s8WLsXxYdixPueLjYyBnj9mGpd1gexq2APEZg70UUN2LMKnyZ3LKNOiHdp8BxgPmoVYcBFAX6BV1A5gWIt4Vw-KPJeb3X3WX1bHeeY_sW5ZAYg7wRsyPoKQyvxMdbnwK1wrzcKQE-tpO9vJczDDBKIDvtsD4hVTnwkY9UDiwCaa6jIfDansHFDTFc2lOXpuAftE69sxI-doZ5kB4OCR16ZhGcO5I7abDln6TWHUUI5fFO_iKI-HpgKd5kOl14iM6hNySXjiXHh0G1rddWo7to8becjEMlCuEEUwcaWKlMt5y6F1NPjVW_xareVV6aKIUrwIwqQUtreNPCJR5t53oNhlBeF2Lvd1oDXX9eBEVDKntB2trrDQTzDidaNi96_ggG-4ZYJusheYN9BAbSWitz64lDmAdsmsC5cpRGO_gg_Y_Hhpr4CWFkh9gWJtVcKegQ4pEyacZVbPTH53NRzUzvz6se-HyTXkVrC8e9PQM9WJHsqT08WVuIZhNGPFbrG3AVGOrzEL2Npb6uDM8jC-KpWHSG486auSzQbDf9Q7Ims3NWV8eECg8M2PuzMtua4blY7Ll8r_9-DVSSBdJvPn6yOenl8qwI89SpBRXWvCpVzs0gZ0qwX-RVrVa23-9t-NJYH25ct_YHR-s8_jXjqskqgpmjZ43KLXzgixhnLlz4L6bancuoUMax7t9qQabYQ4eH3sICyZVaMQmirjhM_LiEGcqjJSuGa2PGNiEKjIFVkOE57rHU5-EmM5_SpH4zWr-ATWFrarx4VXAjgHdhgwLW6kpJhz9h8_C2mEl3Qh8X0dw5ANae1sh7TXpwvoGaRmB1SyOItNqMb59bRSZjJ4qkUfPT--L3b0itO39b5AzrUtT0SobbAaVWeZD6I9VKT0-rusAvJyN7W6hZ7R57nfmTwzOQXwe5dHmCWTb-TBqAn-LnAle8UlWEOufgC3MzRERpPrX29bLZOXU58HekuwvYZyNuxRLcjkbCe0iH21KqYUEg_teCwGb1CYNA2QOjU55XsnAovk18YYF3Y8feCIZu-RmyGylma6nEtg7EDIDYmu8iMvI7z960nKdB5-TmJt4DwvUK1dUV7JlJcdJLAbxKa4EFO5ozifkxMSX98yXt7-Nwan4TFn5jdiLm2AOaqfzfRQk7zh2B-HaNm-1DyQ6BjkR3M8AzDvqHQkWDwhXxKCR_fpgAB8vv5NaSSAVI1kLI3mVpdGI-owys-ZOa-PRH7y1Z2OgD86mBBH18E1UT-gM5ASInIJNaCc7UBQueP5moIS3GobuLwlzLebA==,['gAAAAABnykVh8e9Bk4SmfxrBT4Nj8P-YCvdKf--O8i4XXt-R06D5xdZXVStVWFRlCMppCk8tl18_12coWGGGq_p3O_72WpberA=='],7998,,2024-10-17 07:13:14,https://scontent-ssn1-1.cdninstagram.com/v/t51.29350-15/481024771_3639020299732080_8428831826462519198_n.jpg?stp=dst-jpg_e15_tt6&efg=eyJ2ZW5jb2RlX3RhZyI6ImltYWdlX3VybGdlbi42MTJ4MTA4OC5zZHIuZjI5MzUwLmRlZmF1bHRfY292ZXJfZnJhbWUifQ&_nc_ht=scontent-ssn1-1.cdninstagram.com&_nc_cat=100&_nc_oc=Q6cZ2AEFwh1AaDaB2XREI4htPm3289lHxmBtdjXr_mMSIY5Of0h0vqxDiFRCFhwZPLICWRM&_nc_ohc=MoAO89N9TkoQ7kNvgEH6wQ3&_nc_gid=6415222207fa4de2b98ee629d9321003&edm=AFlAz-oBAAAA&ccb=7-5&ig_cache_key=MzU3MjY4MDk1MjM2MTQ4MzUwMg%3D%3D.3-ccb7-5&oh=00_AYHnifrNr0LLxqMFLg4mdt5oDjj7dL37yzft64ACjX81GQ&oe=67D02E95&_nc_sid=76c0fc,
여행,gAAAAABnykVh608AU2qh0nqbhorhTpQq-o1rJDLtg1bnLiDbY4R7lKcQx_DHOHkXtvAPJ_5El5YZiIwVHESs0PxYk5YK93x3XznZi484mSBAIIoTnFh5ZBI-cr6eJwa8l6aI_Ogs5YfeM95l9e6IjTasRw8x7oUYdRUsIMa3xo7YKsymaURbZJIjuPaeQx8bbVGaTmmrriu8WKZAJUlC3SSDtFEB7XYeBDGG3NqwgtUNBOHglJtlvwAJ98TASvo5h6OMU2eh-kNB9hM7FRrcgKCsrY0FXK4jkVjgMITSn_ye4e4PSdKZbvD2RE2LJfFsX92FxF1HHyRI17Rlggn0PVOwSX4TflGEmbidYj3RU1USPLhUj_LuzDzjs6jJvIE104j6S9kDNj_yUBWc_ho_24XBwOGxyJoEK2XCCXg-p-05OzZMdcbP41-OrZS4YobtxHbVHhYGjzbvMSumY3-QoK7D4R9k52FVY_we73MEwQsGAwZZhAb7QN6aXEivkKzAx9IvKHENIqd66poiXg28WjjS3zQp_8M63kwKQyrI387j49OEKNuknn2cS6oCs5_yogK2r1VMQ1SuknHJ2dH9SOuccSNjskLnW3LKmxPKk643IYyK3FYxq0fyssDXocfFU48X8AqKzjhpUuqJCIYxrn7DW-ttOwVq9T29_lqiC9aej88Pjq5gWGiyBh8qRWQoSgghICPZYvIKXsiLrCu452HgLow98ZJAA1VTEc5scFK4A95jyfw3Cy917-5hv1BoaGnQEyU5Mu_lbl4U1QBYoZzh0QQgZn2y4Y0lC52dRKa6K-ib58JdhOrERNUkiDgk06VO7ccVeP1wH62K_78-II_QubER1yvVOtlyAbogCkqv8P1W0NzG-VWeVDQaaLUfwWWMGqVIkSdPP-tYv5szXZwy-3adcHgF_0Ujp7zebYpMvY2fanyMY3G-pWiDLZ2LTre7acJMel6aFficOKxVKUqfoXfWmRkq4XMv4p2VHuZ5I432eb1aylDBvAmwnbC1QCFa_ul-Elh_xzrMjlZ0jV66oZ8U4TIOPbZSUzwZjtMMBnBUdQekc49C0xUYyjOlfhjMrAkUNuILUAMc3up_urWIve50A34Ud8_iZ4vcWWmUCKQK8L0pZtXi8Vq5fEs7Valjw2rQEPqrrvK9PfSLfO0pYfamsg5uEM8h2FugPANDXEl6zDfIm-anKAyCwI0m-6Cq3xB1OiOGPUf2OkjVTYzQVB91g1KUadNHauMG-twzOlI-R3mSrQlCeQCUJFna3My-VccozWBZfcRuzNpciA60O6r3uBX4UZ3cDEWXHUDU6ouxG5e73NDvNIpnVnBgT-mWiWh-0uz5ecpWZDO-UIed3JQZCcI4CyAfBJTI2eHJ5VH03ZoSMwP3OmvaF3ag5sVAmiKo5HwhKe30glQl3zxzVLUjbz157X_JrN10ahrVwbywfZqjWynhfVUBQy_oDqkof6hPQiWitOdIr4Dh7dNaREh2QppCZhp7hes2Mq9hyVfHw8SEIggUC9hmrWZTqKI57JWNOEtobTOE8ClweqHM7-BX_UnjPla48fUBhUMZytqIc8SSL-FO43zo_pl9m_fvJtko_uHXYA5XBL_7b8V2ORo9AuA4QnA_86gdymx3NDxcM08nua2xLuDRKTY4j8i1hiOP-IWi_OJMR1_alc50BDgjUaRaPuxKDE_eL3HdK1ZlnI6utwBVJ2ZoeYYUHem34F65fGUHmnaZqYUvS9gJYwZ_Nbrv_KxsSOvDFdoyNljGBNzWzLr02aSFPaOs2emDssvUE3v2LKLdLyS2sA63zLxdzUK1LrPt_s3yI-nmoYu8h7tD5K_KnLcWGe2teo9-NmrUdKzp5azI8HyakH1lL69WTa_yM5VjP7vP0e6ccxxdySYQvmAN43vWj4QlG1wBsWU51GSUzjRKxue60oWiPc8pQ_BNYqgafY5Y1lsTR9cO5THvA83ssCP-BqYuYpWzbsFij8IaZiHbS8WqaFSbl3mBVC81DaAYhOz6NYQ7kKtMHuDM-w29MzPk7Pt1WGg_bWgbsvhC1OX8-8wf5PAOELCzWVZJEbEvmOhhuiUROrf9Xqup7Y6yAS77l8gvWylCreSf8ZHON_fYW5Z48-A4uFKMgeYNlzE94Ng6M5F4EQkOzXThyxbGUzG34mu50jK1RYrrsll7aT_E_UIahIfDOZzAtu44bSxqc3-6cmg30xfTWDS5dRtLrj2ggtdKRjZSYjdr81WIEN3pkzUevN4beZhYdGLrnLzTK0878QD02kWeaMZk23wS2OLvB91RHmH-Ss0Du76m9GmQKUF7F1S8WpRs0CZpCiRhZp4NLdaDXObWIv6GRm5fpWW97BKXbKCqHjp3K_JdzjUM9G7Gk2Xd_wM88w0j5M7PAmZiUmO4KkwbSnJwWQf5xSGBrH0uaX2E23GfuJvQP3ICvy9-XLuo-D9p9r74FGvJpS-ZkIzXhpQjA5sbWL68kbKiqse3athlluCHdlgElEvLU3yYQCIVmifiVsDjd9CFO8IV_8UvDNFThgA04-RBxx1tgwIPJu6HD553_cEv1AF6gXlvKF7ABTaQh5YSeA68btMZthD2KAKcIF-gbMOesgDfcZzq0g6G6i2N98PuJLdGzQSZDL4KF4QupfBoDKYcaPVZm0OV_9AXXayg7qoY58XYop8MociU7oqvt82CLIrEXDQ6yvTln3r6ETpI_mSK0Lsf5fXIlGFfVdsxQ5tRJlQw2D0SRXYHroD6HOEUwIQ9daUQV9mYd6KE_mPnI2H5lS34u60Ids0yks7uo2f1nGOnQF6JJG2uaXP4Zcfo5Ry3CQlOH3Q738az52swS1uwbkz4OnN5-SUzRjOgakZYeRT_A-4yQCK8rkEfBJjffkUSzaBTA4m8cPNYUj-Q_vCnQxdp4F7ZDY8n_pg7qGl_y40rucLzrZOXPV2a4aAvBQK77yX2kn4k77U8DFcW7raFOQpvbLUTVdP8v31tinEmojHS8waCN3owuLwigJlGhXEUibfcF0kdGLNkcKH029W9Yruifp5IQdbtrc74Bh8UfPuEpvhPy72wIMhGnQXxVSmNUlAp-bdX_mNM5Yoe9njuLF6X9ynwC0a6vrOmxeide8N8BoDKBbGKJsEQRMJgmPCv-2COT4x5RLP9fB3mTPHpLqKw6jExeIAF7TzOpzlYv9EgI0zrdZxI-9lbrbInFwf-g5o6ig_AGHeD7U6V32ob2TsAxYGAaOimrF3y6nVeCiulbzMtfN0bKIjxd_Ggol7ZfaC1Ojpbc1sETnO1esi8BgenRQBFtynquLrTXnDHg8w931_qmog3agpXJFGAEv_ImAIoKkS9amcDhDlBoOI6ZuYQ7T1FRBdvij6sJJ0CxzvYW3_Dky9EmkEuFDPvoiPtPI-iBTbCtRohE98HZA==,['gAAAAABnykVhCuOJcHhD4zCkJnQXV9S5-Gk2enscHFgqd7u7J_82jio1CH6gE6Cu7VS9Mu3peSkUKKRhQrpguM2eRT8UbCw4Lw=='],7998,,2024-10-17 07:13:14,https://scontent-ssn1-1.cdninstagram.com/v/t51.29350-15/481024771_3639020299732080_8428831826462519198_n.jpg?stp=dst-jpg_e15_tt6&efg=eyJ2ZW5jb2RlX3RhZyI6ImltYWdlX3VybGdlbi42MTJ4MTA4OC5zZHIuZjI5MzUwLmRlZmF1bHRfY292ZXJfZnJhbWUifQ&_nc_ht=scontent-ssn1-1.cdninstagram.com&_nc_cat=100&_nc_oc=Q6cZ2AEFwh1AaDaB2XREI4htPm3289lHxmBtdjXr_mMSIY5Of0h0vqxDiFRCFhwZPLICWRM&_nc_ohc=MoAO89N9TkoQ7kNvgEH6wQ3&_nc_gid=6415222207fa4de2b98ee629d9321003&edm=AFlAz-oBAAAA&ccb=7-5&ig_cache_key=MzU3MjY4MDk1MjM2MTQ4MzUwMg%3D%3D.3-ccb7-5&oh=00_AYHnifrNr0LLxqMFLg4mdt5oDjj7dL37yzft64ACjX81GQ&oe=67D02E95&_nc_sid=76c0fc,
여행,gAAAAABnykVhQRdv5WwwIPMzha5jR_SLKb6YwqZUccjdXLxznSq1GA1ijvU8nAZlwT4jRXhmoi-8DPrcNIzjzsPNp9n6vpkMysmfJXSbT4wWF2jwWCSdgDw0jM4pRYxPSsCoHrjDRWfXuMQboNuCvYtPkEpNjIh1GhRohg8TRHmcSi_GPLuZbke0oubGTijLz8Rgc6l-VKKUU7-lJS6DEXg-StwzC3NdpzCet7S9VWNpfVJK4eRQWNzDH86ZWPR6Uqt8Vsa6JSG8qOV5fGt95oyRSzZxNcQvP567z5AsY6-ZZ5tw7oZLuyw6fMdjRwAM6PfbTj8O9iRG3A8_rjkmbuRdlGZcgMxmYKMY1vqgWSnXbgSffsqm-fWw-VMvgfiFfkHddbwqWPjz0336Q7j909FyYIFQ7nIhTmms2-TvCTV0QleLhzT1Jk9WqVjJC7MtKnCpPFAFAb6cpbGDhcDc34yU2atMVvbrMx2bVzEWK0zX2a0VBnKfntL3d1BjA9VdrrvcSixnwAzWH5OOvobXQV3jjLyozJSZS-623ddySeh7xbWiLFPjtehAeIjFRRuSTAH97h_3k03hKcqX5LIzn6cUPQrw0moIzm_5jdgAOQhQwcApW2o38Ss2nRCp-SI2a0vZ2Sq2pNF2LAOhlFfsJnbAXq8UbZTjswm-4cFjp1tGgxdVVa2WEBVDqO0jmBpFoOz-e5-qLLPmLcuguKnlg2kxYDzfwdtX7b1TgWBXYMMPfISVsN04F0kIYaxrQSBvvlN5ELj9J9kL_fM0Nd0BaoHRWOhStBDsNj53SzDxP5dqbe8MgCcrZ8j0IGMzusgZFqQtesuX1wbS0EB2qsBNvsGmAwNRUBCZHwpnPo2vd0mDVBKTDdJvjltpjWBwUXqpIX5SsvrGOygOE8szc-0qA5eJeJxgHrQXyciIXvhBDzeb3FsUFR8poG-bUxqNvJkoWz9sJ4dbddtYAIceknjSMdTghgsX5roKtv-DQhaIcfS1U9cssPUleF9YGcsSVphfr0AXJnRJC6UUDmtGoB45yGUHCp5WScJRtEFYLmAMoKIllUPAL51J6Vd9rKwkqqmIhsl66hB0C7UV5iI-oj0BTzw788DChKmkiYQKzh-ffFqDPtQKemQlJcmiK2Hs4h6rbiy5IQ4nOUclV8UhMzsbHI1hmCAM_Hc6Ar_6qMkf9ReogadpItQ6grGxl_JW1Esh-XCDMct9dvwNezWCL7M4XwG9wve_edOOwf0-UYaoj81Ozo7AlE-GSiE_hWLwUDLmJfVu8_8YLj65NA27yiLIP8wKPWYCSod2ax6SkUOyBNqlhXE1XHSHKgSX0dJ8Driy9ITD38acv-9tx64uP8xrYhc4X5QQcdf6h-9o55VKIPXMDolDQEc1d3jVPWGFTMlzqf0ohaJmekOkCVhOP7DTmLkvYXH76cI9aE8hC8b4_45q3B2Ig5jWCZJKomLRYkH2u4htse6B8uYVIjLfnzinMyGkRfFopVeMn2dI_wQODbjfS9Culz9uaKVTBjevk49Za0UTA3ZXvwFejFdXHVJ897TL4hsjiVbRPv_GNYb1b3jSsYxW6O1XjkntCiSG6UcEXASIDICw-ELaJopijrxbrSPC9nHhODds3ZiR8uXLo5l8nEg2aALKIQPAy_ddxDpGpc4YLdz7zEoofcXuacNc1Pcu6ONpxr_4yZDMu_l_GP1qi9ypGUtXUDs_ocTBDBg4LLsWgsoMqRkSl_m-pXokJAcVl_OpSfzeQ5-kjYA9WfsMp3HvogQwjwWdeQVgDK37Nko6xjsWcj5KXyZCCpNLpiGaokNjtvLHg5l5c_oKXuGJlzdTRGpXk4MyfUPT_7djw5XYYlBRqXrErsLiqf-i9IQ84jzwpWX536qwsi6PkmI5pwPyFtZlKVo1BSIGNjr9SOaLCT31-8dLLe5rMOkplmAsVI0zKbR31KyGE6LbRSyBT8ZeVBzmhxh7cxFqG-XlndSDJmwMQj4bzB-iXNb9gw-8BptFJ0-zXTVcn76Umm57NKKpVuz85buL3ETk8oOcvuOPlofjUEZ45vgJ8z3dOs-F4T7K0SqvgodqcuQ3qab6qWa0C4VvLeS9exlIu9wkZQ-jjXTdwlMtSvM7qZWN9AAFcEykJGD6xbyAw9MUWaDTywzP7mnzEBIegm8XFmj2QRAe2Y4xjCGXxRJYS9kpDg_c9A-aVpAVUe5QmFc2vbYh4KxuFj5XKaixcuZ3z-ss2WuUh839j9W1awTGw3_HOf0gLEvmUBf1oufQWZuhfo5oHhSnLIHgn2ln2IQ5QQ4bDaoO7K2HYVCBFoNMN08R_xtgEL0Fyp_EI5NsLFqG8Kdq9NlBoEBOselO1c5DIWWmNcdsoEqvOW2EzTVMYncstcu0AVnuJ00mbYyQuBWZQmvuq9u2FRwAVo1Wwr9EHOPPZm7G1e8XUkjoey_EEL8raEI-PTtAZEy7fXfxpNFBv7a9tIVa6RUV-OaRMRnOYKVHRoTvOv-UanBKfDOQDUz7Gf1pMvjgvWSzDJWPDhOsJnagCFRWFFZ4IvxxrURhfs_A5bD8epcSGBayBd3QbBXzRr5Zp7sEIeMYi2lzgd7nNvJaxqN0VouAsevFnbe51Njjna1e7snmdlVvMkSEFxsff6d9YHwlkk3l-8qKokSTuy2NATa7WD2MEFIUEaNtkLRit1lVvkueCvbVrp09a31c7bNgoI-LsC0ax5gavEBg-NT7-0dS_4EClHHl7-_3CuWi9NQOQzvtd208S3XPPQwd7F1IYpZ3GHmWsdbUMHYVLFELm6P2CDm2_ny1Pqck44Va5VY-2Ci2CAi-MCX7B9qDHjmQvkKYYpwa8S2J_T8Z8b7nVy1tgXX03zEZUk3q6fAwLrqatgf1KzK0en-1h1CtsOodTJsCrs--UDEXQ9tIFXXc9Yut88u2_yDfhuW7i7y_E--9svGkqqLpwQW7ugNUWWRUoqHnq0KEf-6oEclccfLmyvwcYrprDj2W-WW5ckyQsaeDb7bxrm_0kl2NgyuMI_gBy6v6KgrUBQdYBALaJDX2yM7RnLkMN6RA3sFi7wGnneUwbwUwi7-NyBIOBEKjxn7-m8pY0HqiN1OOvxSo5KBp1QRRJWJrFkFrSXwTMcRSgMOaXHJsOPymgqH85dx-_4f8fISMw-2nyDq2oCcuY2zgzZ68pi8vTht0sEHqRIv2ziBCFVReZKBYYKLJ6kwONYpdp9GukEOJUqKd4yo8SKVL-Qxhz4o0igbI6BtD9oDVt3KSXgOHc_bf,"['gAAAAABnykVhVqqXJoVypSHhe75TXQ7_bgXm5lRp676_8FoC14mLaH-aBpBRi0pvggWL_aTdPVTtOV9BT0b2Dfw98TWBN_k9wA==', 'gAAAAABnykVhh1K2n6oJ39ICWbsKYxeHqr6Bl16o4k_iply5fk8XXrPt458Ou8TY-n6bg1-7I0MR8uOFJv1DTQrMNq12byaFnQ==']",1.5,,2024-10-18 02:13:06,https://scontent-ssn1-1.cdninstagram.com/v/t51.29350-15/481024771_3639020299732080_8428831826462519198_n.jpg?stp=dst-jpg_e15_tt6&efg=eyJ2ZW5jb2RlX3RhZyI6ImltYWdlX3VybGdlbi42MTJ4MTA4OC5zZHIuZjI5MzUwLmRlZmF1bHRfY292ZXJfZnJhbWUifQ&_nc_ht=scontent-ssn1-1.cdninstagram.com&_nc_cat=100&_nc_oc=Q6cZ2AEFwh1AaDaB2XREI4htPm3289lHxmBtdjXr_mMSIY5Of0h0vqxDiFRCFhwZPLICWRM&_nc_ohc=MoAO89N9TkoQ7kNvgEH6wQ3&_nc_gid=6415222207fa4de2b98ee629d9321003&edm=AFlAz-oBAAAA&ccb=7-5&ig_cache_key=MzU3MjY4MDk1MjM2MTQ4MzUwMg%3D%3D.3-ccb7-5&oh=00_AYHnifrNr0LLxqMFLg4mdt5oDjj7dL37yzft64ACjX81GQ&oe=67D02E95&_nc_sid=76c0fc,
맛집,gAAAAABnykVhanqPnzn2Xopwl5gZ9d94J5swRnLto25Ukqmq3_i2-mt0dV4XH9mshv4kbJzQwiGYO-KPENzmKTPD09ktCUoOtuiXgkaxGBFBQkFBUn69sKUjkq76mEDGVaTgx_kJEMq6jOvENE5ZXqhDxZggzb2jLPZ8M6xf_WkluP10P9b-NgGDtG5_w--XNrok0WrZuPbnMbARZEFjSfh9R3bHBfyJ0EONgvX5X82dg8P7_MYsSgNNHbllAULLeiwm6dHNbSQtQ7nPNYRpa9p9p2IwsT2m5TMNpBI5jnfs0moDO9d73yyQD1fn8ABcdxAjnb9lCWv_zl9g4EPa9_o6AI7nhTbzZIPtl-eL6JLaw4G3h10PjUZ7PYqbC-y1VgsKzDDin_KEUki4xiD0yCEEnf6-fSV4NafrJszMsWF3UIp7wi0Y02AButOcnoI740FHe_y2dc5LqM0HqKOCWp0zmQXJJ-GawuG0XltJiMXiTR_-zPS6ANj3D2iMGTKsXcjTEm-TVluTkiT6TUY419ve1rwn-B20IgHu1TCZHt2ug51jqCszwDgiGGrUl75UKYU3J127d7nR-Z6L14mx0Gs1og70EWVviHTg_FUp52UrTKi_EKr7DHpMdAKthQeia8QK4gPO5c9lZ8DesCLEY4of2S9WOBLHJ9XKL6VhEe68GPmZcWfls_8QMQdnOEBNQmRRwmeK0Xrfh9l0EfGi60osFXF0oja8sO9PpfEB9vjVKrOZLGh_ke3R7kAGPObuJ23rfMI_-3cEMjmqBzdxZeWR0aLEhDK1zyWlK6mzk-eilW27x50U4ZrBaSua87mYlkwPlB8irOSmVK68IZPqMf-qeTDiK8hCjp0gHepRdJufFCPXPW5swlz318DSxiZW3KsPL7JtDIjFUoi8vTjW6uig-p6UVdevPizyqlRA_UKHadIJwrbAnU7rXYordhSEusDrlNdz2jTr2LUhaQagBrVZCs73kGqh09msI-nVglepib2BNSe731CJlXySejYQq3uBkTINoK_sPqPpWShltT1yR80xwLh7kdus2gbvYW4ZS0xiSyuWKm1ZtPSEd1-LIDSX0mLI4eRferyUvyE1-k0CkvHTwR0eWOquNLuNeeegH-uRFyYyiBeHugLAAFrZnJEXQKD_hdeYOe0sfEmTkx5yHAqZxmzpkvtRmJRhg9cLgoHuy-EhvuAApywHvHRZaCLG7CDVRL0NeOXYVg-54Dod2v-Q5JgUMx_jJU0WlI1sIg6HeevZVBZjDmjXKQ2yG59tqrjJmoMxmrCEwwG7rgmdOVrj3HpS5AYHS2hW6R9OKe3PFHUSZsaAgLQOL1Ov9sE8W9QPJpse4X4P-iQ4Kjy4fl-wzdu1Q5L0JT8FQZTflJH2a3_SMXjtRxBGUFfhxn5h74ZsQxJHHkjxqOwkRwa1APAoP8X2HVurPgtVdu-WU3zLfeF3LiL9YFdiNEW4vN6EeeHDNIwfXs7pOn0fbJptashtZ5Nq-hOI2LQDMlMSbhZe6qmNhcxGYcSQdzaQGbrquA64fq8-BR5yAS0hY-SYnH4GrfVlP2ZyaqTMVdIspl2ge9gp1J80CTfAUR3vRSqG8tswgY2phlchZfVZqPCw98teCr6zlPt71N1c5WGWWI-VRq5ilbV_YiluYXaTv-SHD3IHdBsgMr42i89wQGSq-UWytB8yDW4fJuO5VHplckJKKWkISw_hlNQqmoGMHd_G-3kvIm6_Zg9-KdjMPbzmM-wVaARMWGW06Eff3zvFYx9JVFmd5EkHg5klJiFG1zHCy5B-E235U2Sts5UgaGPmpiofI1DP-cHFCukeGvALqPFJst5xLBFXp6J95R2V9V35eNfOIoAQaF92Yo5tVts0dMt2G1B4ztyCNViZNTj4CLqZbj6zcSxfJgRf-kLX6V-rrIGn1GpCBdapRLtnUpwIWrzTgXnEbnTyj2PVAfjmrbkGHTBnhXo8q84T1X0mZRE2Q0kBqMiv3exHw_1v2sPEps8HlkYIFzs5V8KI9jD07S7kKkmDYKuwBEIurlkOdM-6VlbHSkNjCxwdFDXopyr7s9L6deJYxdzAMcpSjEUttlwlyC8tX-xW5SCnp6zh7R3KVb8s-A6zIBJ0toG-VVTaKT13PyN1GRlTOSOtarK_oN-bJ4linHDpr8U4Ovwy0KbD4fX5kxUQDUAYFvO4qprWm1iVqhrDG7zPt0xNoM6LUb9XhmDVkrW9swNjghvh_xnV-FKsbw_wCTll1_QdUU-ovNv_B5Mdja0w_tLv002rxagn2znNqQjU2VlNorUYTQ7k14bOqAmHtqyf1y0DfyWBiAdA_lvDxTT8YVEUrJriXYoknLUYdozaaypBax8R1otmWq0LsBdfR7oQBuJxs2xkbRR5ZaCGdtZR64aE4SsSsXGtIsq2jgwARoElg2dznnIoBwUkxRQ-bq37hN5GfbBIU9BZNR3CezDKKqDxGEdqCq7fKG63XmHAYuej9LPvK9lR1tO_Cf1M_PE4VXYjk7srXytbmMTBnmVgmhCxKz4oPNMEPPpDLMktNU4Ky3a6R4eMKA7nymv4WaW2Uo6sE9NzFWJQOYCiRDqIa89P7BOrRqg1US8QDsm344dQJjTS1GGpAwLjeLt5FXTvnIA0nFukcuuaa9YIH3ZZZARSjBQDvumSQWLx59khjhPmrvc2DIYbQ3g3G_NzhE4jXRLKmEuUAEqRvZ2R0rzJAZC4Qw9yqNwcojbQhkfQnv4RI1a9UsHB4pmRtxe0NRgVZgK74flKjtyziRZCbE5trDW7uqBgI4PMXXIxxxdalk4s0ykB3Ux5siA4luvMSZ37V7s7OxdD07kqgKrc59qCWpNLLuhBI9xCGbqnjQxWpRDlYxhTRKuM5-H8f23UJvyKMlkTABpUqmlrTw_l9ETCxphGDOuK7hFQUN0gDiukVYmnAcqL4i0YD5FuNacwdUhRBxsC3LfCH2RID6ETp67BsSyyOhWI9uxQn9PuZAEAnCDono3dQTSeOo38azdnYww5xsXiSfCX1SuTGQ3IHU9afbQ4t9xF1PsqcZtq1S1KejeeXUtbNK3wqGKUlvTU9Ifyyl9yXwAgMYBeWEdKVc9Tvp86DIzCvdLknEfthy-7LFS4TR_kqDBm1MG5shykke0Z2WOfz6p3Xzaq4iSfRNa7JT_5ur-s_bidu3mdzRI5z70clx_E_G60_4Wx58IJ6qHARyxjDToTsV3r2KhivUEZivXROd6GAgWaesZK3TmAa7AUfBOJEdJAnBjsAGdPc27m8ruzZWceEszfmF-T1Hf2I9kMAttz6mGEx-f9DP7Hu57odlimjHNrPJ1mXlVRDN8b8LxTtFZA1JY9qmiCrrHV12QyIwcEvF1tJB_ClHkfdMYFX-2atrPyHHL7lpml2KGcZQ95sH8J00Dh2fSFChsWZ2NQ7UygYP4vJ1j4KgfgToziSbruwbN2Zy69XCJWRLuLeZRLadbeHtX-o0Ftk8TGhTp7dsITz50M71eiBKSuq_kvh-IU1D0NRo4D48hs36Wdh2lfokXvPi3OojW1oU5KJR3ZQ3Jco3ddFLZ1_gyR4-oQLw4W4AgetcHRhwYRSIF0ZhqI0ueprLGpaofv7ybACqk-jubgrLCKRvTSeX3uT0C3MDz6DlnRDhrwBNDkrE7sxvDu-MHMbbk0luAh9Pdq2tU3jJxvNkFoO_OkN2uu_zGDfWggL3ZVmIVyQmrRQQ5JTYpMPjo2LgV62urzTcC9wQWEak2zxYVoPejBaULLy31BqG9HODftpuZ_CxUD9ycI8cY3PKvAIWG4cmW03yNJ9PgSBoNRorA6LMs6AV3CNMnA_pupYo9cd588VjJ7,['gAAAAABnykVhG0yn7PO3-NunldJG86cNrCPTEwspOLsrbK__pw8z_myZ5-mD1IozYiuSNNt4Ans6coiIviKIjWrIIOqyiobmog=='],11.7,,2025-01-21 17:11:42,https://scontent-ssn1-1.cdninstagram.com/v/t51.2885-15/474710121_1421666295477335_3610350523058447366_n.jpg?stp=dst-jpg_e15_tt6&efg=eyJ2ZW5jb2RlX3RhZyI6ImltYWdlX3VybGdlbi42NDB4MTEzNi5zZHIuZjcxODc4LmRlZmF1bHRfY292ZXJfZnJhbWUifQ&_nc_ht=scontent-ssn1-1.cdninstagram.com&_nc_cat=111&_nc_oc=Q6cZ2AFPUM1_hgfLyFUu24IATlSRO-dOrJZLTw6kJp2L-pbYnm9UeTIxj4RSedSy4BIBDoU&_nc_ohc=AtDvh8iyYW4Q7kNvgGlGht1&_nc_gid=b738d7c5e54f40379ac7852a5c5d3d37&edm=AFlAz-oBAAAA&ccb=7-5&ig_cache_key=MzU1MDU1NzU3ODUwMzg1ODA2Nw%3D%3D.3-ccb7-5&oh=00_AYGkVgByMgM020pG_IQVmKkec-LsbM9bKxz1WVt0I6O8YQ&oe=67D03003&_nc_sid=76c0fc,
맛집,gAAAAABnykVhX57JD3tlhinIdi_lYWc3m-EzhfTClU-haHcL-cY13h4jiQk1wGIfeCMjYoKuyEGdvGHnO69FuSEhMiRhzelUCOtiSwMfEob_0tQ0-JgEEyM4n2uGFa6r5saR7HtMr5geXTuqXBoDNozi4mwWNya1fESHx93TnuhszbY6UP08xUa3KxHylj2nSeKqLgwVK0yosQ6QXDOu0Db3qoYAokwQsaihm9v8yJOy8yp7WDvvLTydcmQnmyb4BLtGVFt3D4uOQJD60AOzkgyURmuTYPvuP8IxvvkDxDYl4_EmwdACD_2TpqI0umPzYTSavgIaHcv6cQlRFKGgBINg7gsMirsKl-lC6XUJSGxXRmY9DpiV97Le9s5ZlsVwpZituq2vghDjHBHSESK6s1by6FK0290Gf2FAMJzGIg630OaJHnVuOurRiNJlPiFfDmOrmqd2s-8hXiKjNzeDg6ZJM5m5vNbcLU8GcUDKbwPno4FcPEE0kQYwb0bTeN4sNSKRzPRLlK2Kru7cpy7QSvEAs1yeMPDBQcLV0tJcsIrLGbz8tBTQ1Qd49ysuaEAKzk24GHog-VSgVvF56tWHTXK9lCdm-nqGHO8B4jmE0ClRiSCCmJA6queOPkFFDz4kKAgyK9Z0o6JzSMCQ_P8ZGed8PYVk1uH84IeqjRQEthiVv02J6LOV3-2w5tPIjKzpkrtZpfVOU_r0sU7u28jkajuGCn5r-DgpHLa0nAS6g_4n1kZ3gjyiYPDVZfcQH_k1JfWZQcIHZ977sXwMHPixDFS6Ajz0G1GJvQX1HK6xAx-QMnbOJHpC6X1Xi1H0ktj2rixPZYaPe7bDLVVTKhEr9caBLGwGPn4PsUtzCQdQ4o7OZ2WLt9wok-U9_tAkKGmUeIOzIBklfvZYlx81PwTx7TtWv9ANul7OtWYSSt-PD5ALZYumcB7_prvDwMS6raFqRzxjA6tbOqMYEjjjlaBEL-QLxGooNzDdPMpZHF1UILEZ_zj0JvXYrEIwS5AfcQNdMkc37_TWbISkLvYpXtil1l9cJiLwP_AFt0BMSG6FpbsCYfXXcBPpGl4WiqezcFYQ1mvI7JzUVucp8GcTzhFrw0hlgFK7rYOV0ll2WhH4avBxLcvapTdHXSnVsuHdUpYZA28d4GgWk7J6L0EjGYHs5bdsy8ljoIsQNRBabHSpPV4ImkyVbxRPtJRHbJWtOkKAJcWcOfBcXls53CN2QUbndM_teFDjlFsrIwAkKV9Ragy-DQGa3Gsv88-MMbbohAB-rRhr0Ckvf9IPFRRaQxTX6oVhI6EDsIxKFigwuAmevxtkuIXGZrITawcF5aLjTUw9MD0MT4LZOQyzkcCLaQOvKZftRVK9T1Pvu7hoKsm7Mia_39DkpK7pvph4kyPM_kKU-AeMXV5H4dkqGVHzGjki6IzkJt9yV10skuvblMS5mHapDmXODlfddybwoVgv1ND-c6T9pHxdYjEXw283jepc61e0QFHkTUKZUWF7atmEX-IAVQXSZYjqTkQtNS4zKam4zqWEtYhwoUIxRLh234EYW5MvA-OuLHKl-fDihZfpm7XP8P3_hh2elo1lVrgKwTTIdcgeKAqymVZvhPxDyZfSfLHWanAF72JZgTji_jWZMd5130gkXmBWYLLs-CwhdR_ZP4wGZd2WJVgkZ0XCrdW4wQ6Scb4yPRBzdeaZfBb82y3OTTAi1bf85YlLryDKuUIp6lUjC5_C2ebbGXnOFWJROgd6CG2wM9fR5QKkBEWz3NlfUmTuj-gRg_F6H82ZhlCPBnJp0qMz8IGBjqaCW5u9KGYh9UZSFFt_Vxv_QTfZ32p77mHzM3W3FRhtzLf_XO_EQsD1P7kEbnWi92uH9kOykVyvSdXu-sa_wYNrbZwrNmGBKFFOBJH_2zhCV90gUCIddKQ6u88BAa5uXphgs0eotJ2YQXVlGkDQ0aACvG00_xCea9o4SwPLBYYiTs48kLLtqZI5nQi6a8w3vKgo7OJTQ3W4F2zfpY52-FJRQQGSJFlGQn7bewSFuYO8BT1CkAULhCeJ3FBSiEwnimwMb4V0e6jtKdQbMfg_zkcF13gDQAmwe63ppntJWKgY5oBid1DDXto1MleWVVDKhOIj_RteejQNFzPOL0R4EYrbbvtLV31QT51jcKB8Ccle7lb5_UdhRQ1cz1cnEDKDZ8dMWaI4xMgdeeui6t4Co2BRBL10AnR-CvPowjYb7jY2UhZ8k4_A4w7QWTE5-M4djNhcHVpv3GbBirbHJJ6bJ75a-cxgDaxUoI_UyzrP7PUCK8qczBo2t0s0eGZtzGETNiIwR55ZHndMOZ-ON0R22FGcNpRsMIV2DJTBaAe-tkR--4WgFuabVeGnaIvHK-PBaMOSdpMz_VvRhNJW9THRH4dxcZA0mwRWFj0JquQtQpPC_4FawSTJO-JGLpISaNbxZO0exD5KOGlCjxY5El1lWhAZroXmh70UDWOYMmA3zpX4Wg-Q9i5lsM3BcrQH3saZC_6ShKJOKEOmFgWVszsw7jPy0CcNcGicNI0Ygladn3DhajvWLvC9YrNekl79mGqUmquSjNKGi-mnMBbiYzMD3uqbTYCH5ZEGbhK2HOTRHVaq-KujZY20zcxnf2TkMIxBsrH4gjU59zRYn58rjreAleyh-2cGpvvGGpD0SXKWCIQCnEnfJZ1XUeVYWDp_Hlis6mQV4-kMuYN3jQ4rbSFqyTXbjQmJrw3hVFZRkhjeLCfUPK8KtE0qhUojVM3r5ykAAYqxQxU40hD9tXLvMorGEhV5Rx3-Qd3M6-7lZQe1mRUVEqlLtg8nC_UgiW_oMOtNnQBFLa9MRRLXDj2nZWcLFkKHrqITpxmsYZ-RaIshmm2_5NtFEf_0Kp3GMGRpEJPsSPraSDFlP1gYosh4DxeJ_bWsogyaNOutWYPnUXr5P3KGfhniYHuYA3Vvsxkhc629vjhnWk-vD_YZda_ai0na_ouHUH1oddwuaC6mArW-ZzNvEkepoI9IYTC9T5rPUd-LeQYXuF1lFuSQY57PlxNnsRd-pEHJf9G6iWfDSXfru8Sn64gtMk5g7XR9zoDJ9OKzXsyankyfxzs_cRHtfLSWfOPX7XEEPII9Bevo0MnFw-32VllkQKozDJUxPqf8nTs5P3ZwVxpPpGg-L00-HiHn9xeskeD5EbhVEIl0G-KOeB8jgOYAC2XEx1f6aP1cCtMSHZ1qKJVH2D0hzQySdjq1NkQhL-jsvu82msv33IM4i-T6n-kv6ZSuwsucHm1sAjeCqTvMd9gNEswKNq6TTGsfqMHevhHsbUcZ9G2YDjX2vqGN-BnibMdFLaf-jOvN4thTL_CMgSVJn-zCwcr7xt1e2uTE5woLjLW0OudYNdREUFEbg7OjzgpjQKCTpSyl8q42PQ1GP-9xoRCOiUX9yAxvKXcfsMIe6mMiG-jOJvx5GYD85OSOjTaOKLeiZdoqidEz4JrOy-eAMVs7fZeXAgXZBFl8XXSutR3PtV2kEZOATwpxgjMDBuJj1UOqn2lnbf4cwQzZP9EGDdxBM1v0symUGZ7fwILpR-8-xUcCQ2DfbbnLBBGPGF3OuF9hvOas-aZhy6dz3xgBty5Tc6Y_G2I-ZonmHfeAC2CIbAQlnmxIFZZciam3t13YPNtewITlX5G3y54Zk4JghMoRaa2m5CJopA4UeiJ3w061ow3gS5QvLJkUMpsQodSoMC8G_6UhcJKRZzj1W9KjO8DkIVSUxQ2lKi1NWvoQnyLPaGujJzgnDSF5fMkE0r7h80kR5fcDH-YwT5z3-rOK6qrAgolb7UG5eriEviQUg5udaxF9CKgkl6KGfrhyJnLVOBigZLpW-LQVUkxQM7STq3E0piP5rDBVg22ezv_cDztg9X7TzQHmZkehZiFf9P-3eh1ThJScdRMmYsqB2zqegwWAYQqt1tpa3TWO1rY6_G--IC97PVwlrQGGFLGMqsMQGvc9afnC8KPrkZiEWyMjLDjt3aZiColdOsEo_D_eTVQKld0aITp1xm9G13Lu_7j13ImeK8GeQvpRBBty4xyHRrgdEP4l3tHJm6Q2CsbZo5umS01nbBaGG9x-1X7sMq5KFIl-cOpvxFwJXWg4nWE_iPkCRKBJZLF74K3j8Lbbkm-leoxymRvFmxOJNWAf0goCQpq3cfswQIbaTgrYhUlPLEWczTo152i7Mw==,['gAAAAABnykVhPfLTPKmD0Eo59N6pekWN8w7TvpVhKgpKyAh1pkzYy8rgfyJX3RH-VyFzvDspDtNHZTYLYypUo5wl3qjSOfLrdw=='],791,,2025-02-13 18:38:52,https://scontent-ssn1-1.cdninstagram.com/v/t51.2885-15/474710121_1421666295477335_3610350523058447366_n.jpg?stp=dst-jpg_e15_tt6&efg=eyJ2ZW5jb2RlX3RhZyI6ImltYWdlX3VybGdlbi42NDB4MTEzNi5zZHIuZjcxODc4LmRlZmF1bHRfY292ZXJfZnJhbWUifQ&_nc_ht=scontent-ssn1-1.cdninstagram.com&_nc_cat=111&_nc_oc=Q6cZ2AFPUM1_hgfLyFUu24IATlSRO-dOrJZLTw6kJp2L-pbYnm9UeTIxj4RSedSy4BIBDoU&_nc_ohc=AtDvh8iyYW4Q7kNvgGlGht1&_nc_gid=b738d7c5e54f40379ac7852a5c5d3d37&edm=AFlAz-oBAAAA&ccb=7-5&ig_cache_key=MzU1MDU1NzU3ODUwMzg1ODA2Nw%3D%3D.3-ccb7-5&oh=00_AYGkVgByMgM020pG_IQVmKkec-LsbM9bKxz1WVt0I6O8YQ&oe=67D03003&_nc_sid=76c0fc,
맛집,gAAAAABnykVhS2GP6iXPi7SNUlbwpKh_aXXY1RPwdZwGUnV8RlVS7HHCfAerZOi5HAdN7IlE7orkHui-FQsNb97bkm6pU4w7eK9rrULNoiuIflPTksSbOhDzD7aeEH_xpox3t-lPd1xgULyTG8xwAxT48iOpqac0ZXyG5-i4adkpOQGimXyEP4pE43Vb2IIzSKP1CO9CEKYSWoHrj0sM8lrmaOl_ZJyiqRqIQSnnyIUmR7wu501oRmDiLTH2RQUiH61E_KScv4C01UP67HV1l3FPvG-GLQi7xjAKO1DUnFMHhlzBMN6Wdvc2Dc-VPDeJyxjT5dRwV5vNDO1CHoQhXDu9dWef22LGOUTytg7vRmxrQh5hCoocFF8-VdB8TkbEzdNMVhSBh-33GO2P6Z1-_7bk6YUB6aYyOWNcbl3iXwEEqg-r_riq5gP1iI_Lf4ac3gxzfIf0ajoQoaqyO6pMkDvzr9xYa6sAF1uKKupBzF7FiQJ__8yfK-WlL6TA1lS8TybgOv6erVjUBluKJa3yq5aM0d2mREZK0DtahNErfmiqaMgil_ev-T1e2FYjit4WxzWa22l0YHkYOpdvcIN2O7gckp3d1fmJL3T-zAdqSc4TzVNNgm5gOa2btuSlsqXNV0km5Kn1Mv5gRGv9GFJzxxl_uYvxI93LWVFGtzRYDLZBjilmRfqjG4Koulf0M1rnrJLbpEckJRJaVduXIBim2wTvDkLNIEOBSpD8sY-B69hp9O_AN7eOXtnvjycVpECvh4ixp_s2LbDEMP9VEAPwmjJvka7gNe89Johv7ax2qPvJ9p2mi2o8_hmiW1u6KGgrXYgyrz8KNAvO-fhuqT7oOf-aTdQOcwrTmq0QDfY-GSUBt7fa-GMXu5hryKps6yfIEbXbWHtem60T6GWaBDK2hcrXxQoWQutu311Lij4IUOc_-dLsHbJAeklkcyrF5MOBi2_OyQ4mMbjYAyNXdi3ZIgrz-O323NgWlshjdsVtOxYjVL7Zj0XHwfTQm2NAwb9oEu3IIAeKNqRrQPC4p5a9sTgzyWwaO9i6cINKVkL4Tondg375NtIW1OBAOGHFxxTewzcZUajSkkA0N8bDu537Sdumguo1hTe63ji2MapVF1U-fZc87jDylqLcWZy15_w7xFw82t0Jr33O8al8RWnov1_9bgFbtv7oLwHtepy8e06KD4a8hlPsHzb2qRPZD4bSaRWk8IkIluJgFUpuIfqTs32mep_sytcJPtNW9QBmpqF00lwZ39H5lIhpPHiavcqrAUNc_f-r7XY0Fg93dYaO-Dirg88kanwbu2ZM23cbEimnhOs0j_Fm-_XGOxSKT14CSCWXa-P9wRCmchbhcUnum0Xq_yJSi2iMzRmh5YeeFzabhw3AdlAsIVU4CUgsYG0z4q99-okyMLGF_Mw2jU7JTBDRLrKr4jFGCp_8XJC4OuwHkBeEDs0T06moDToe3Dwjw01wzMJavx8Ison-LcOygReFYMK_Mukb2jSfnRHfw_mUpZ4e5SKVafXn-Hb1qzai6BPOoB05l7Ebn6qwcn0YflTp7w1HHClhRwhMmyYWFZIYThVcjtOiy2CngFqwfAJ-sPeQziqpiB8tL2ItlwmQ0V5NLNWO49XSMIp6OJdLq53kJdxAwVSucJH_0DgO4urq0HecNDC6GglRQgvD-5KXNpdpkoi8WNvVyXUg_QYSbo7h0HhK39yYvRJXKtXJR8N5t0Usr9yU4OdG19qL6j_OytoBEdyD0l2UlhtVkH7sd9Likb-1AqozLNlmgaw3LqIaDEz3EvKzP3eJJ_U8gv3PLJ9jfuBKQ4aeedgupI4P7Oyy9BrfeBTTiwne4XfFjUkjxNpK4SbhGprzVCndPY9xExAQ9AyPVyo0Qm7G5nLOogJUlaI5sBGivpwjmBmW4kfisLm8ZZFG47DhETmX2djNec_cz5uZS1iK4CLScOvgcjkiNxAtdGdYI7f08eGN0WfeMMu2C-AzBPRG1jjBF-pBxp_NbyjzWDo5MKwoO-ghsA_O2LBJM4NqBGhEKjXgnI5cE-IcXltm0H3i0mDmPhcYYLCiPqm2XQZ1QpYJYocRzIoR93gdCf8y_9aiemKahI5qVn-bv40usDsrltqpQo0ga9ewm-xzbRP2kFSH7pJ78GZVEdLxzX1eq2m4mgnxIdR24fgL8INcCwjnwa8fBXqXKdfS3lmhA8cPMJxP9ubwmVWZfjQvJFW0VURnUdubhfdSEg8rPdwlRuuCaa8sJSCuMR13PkoPdScItPzbVCFE6YJBKdfo8oiOxNEZ20WWgyxLySDuMbRfw310mK1-GeOVBuuFsUpfxmtDW9QoWDCuPLjJp8_PuIPE3T5yjSvPgX8lyYeet673gpLSL3XmQgw9gEFsRncvYV4fQpVdL_K4hR1P4VFUvFi0QdFai_uJ70ZrkDOMF9srYliEg0YdeY6C2z3EEIYz72ceDemLvQwd5plqLkFAPP-BkUwu7MTeewRtYtu_3XtzWKMAHfjLEYxRcERvxiYZPYETFrh3cZnY21Z1J19z85igxd-rW7ZaqF7ew-tyO8wBsNQP5-3SiuvGiSIyG6opcanmJEmXtNwER2YEWN7B3KQtfng2a_oUGMNp3qO36cGJvgUSrQZ5riAr5Q575YnPoUXv-buw33pRm3tLnvyrewlbkyJ2Mp32l6BsQ71kyXjQs6nta1GNJz7UjaCNYHA3lP85jAvBi6PcSQRYrwxfejxlOaU5BWf4CSLpgKS6sFSa-8Pwlod8i3uiffhWMc-3bdF_Um8f_-KJhfshWvqd3HjdRuFkEmg3ojoEgC3RXnMskrjzwBaXO9aF5dcrdy2ZO1Kp01xEoiFiyMRu8UkEnhCM-vtX0DoEQDlCS1fK6Sf5pg_8CqjwZ1ZqC9kq3eNFB7zGhlUHHHVjvgRbehMKtyiDAgYzu-Fmi_yNnuX0RZM3oqaDXencY6u2m_KE9kC_Xh3srQBBSSnnf-FiAABA7LgWhfQnLkbQj3eENZidOOyoVY1w3Gei4wJ0s3S8twsyly2KeqzA0XaYy8U641sqw38LXmO0MqLC3kN6Fs6bnhg03pjnV1FQJvSVjO0Bd-XIzoANxVxeQLJzRyC5J4oasW_D-efRIvXIOce5LW0RsqTLG3gazo6_7nolP7fxRCWp0a2ScztmYjmq42IO72O-wrKkrAIXUSaF3Heqf3CAGcrtW4P2o3RAuQlaJwdFelzr0Dlct03Xz3eYDtiMBXKXjRLeYuqejpwHO5bhVTqacUNLFLRjIUIVjk10SpKCem4TOy_GyN67-pkhCopM6Kz6FIXKlhZtQ7D0t1gYzZjkaHV84r3R43qsHUXipNFfNrosrzrfcU_8vM1wg4NL2NJY4odi74XpFVCVIH41PCbhrfd-elQmyIerpkdQCcBLe4zk3yVLC8xtFiZeMCTUyDiw7T1H96aGfwdI3Wni5V_VB3wcbChQCiCTcURKbLlulFQrxc7rE3-tzDxL-uejaNICoajJt_0B8M071p8sGJvtnemrNbT8WBlr6M_tQLpRIxJzzasgskwAoM_nL8Xmdzn2I97mgW4C9O3WxIvl6Q435OIrxUXKfFz7uqh8tSe9DoD7YtfNhIKOeJP2FV0lMPC_Fdbcrum3exfJFOCj1Hh2jZGJvgMG5xvW-sRYVdNYDm6cPJ3vDRr163Qe6LrWa8_8V-G0IU7rDKkgJE8Fv8NKGTGMx4vbq6RNWStEIY-j5kXHdJU53BqEAOU72MUaFK5HPQf_6_zdDLejjV3olFD_3EngPMlYF2tDPsxGewvgLEfwomg8KqYGB71QUFQRdy1l9N563MChUWjCrJk3T6W27Lixfqe0CKO2lwpgx6OFw4MSOsTYp8I0rDVe-E-TqPMVjpE5GwTECGPhCYYYcX-Nd1rqHZheE14gO4yXUo-lvF3_p-T0jBlP6nBptLySu6bFCPruVtdmWU75ABEnI0e6npQBf5Ag05mYKvup6OkGc8-JIdv4O262a4r-IQY9gJyPf4PTe9JCjt8Il_n5NMlxJHbOHylj89oG-qHPkBMLCFUymq5fS173ijeCFH6TAFCQcYWfVppUeRadtX6_TYskYa6ipb3iq1rjx0WptHcGdl0xBfrJrs3SLtTwZKRroJ4BQbhbuSxnM5Ng26dBEzx7Euf58qAMpu9wI0ANzrOH-Mwfna82jQ==,['gAAAAABnykVhVNfZIAqSovsIkfRRQjB0Vmjq1IEcJEgHf0ueAgZveyx3IB8w7I_eBS-5p9d56SUcJQjmffJNXe4tsU2vvfiBWQ=='],791,,2025-02-13 18:38:52,https://scontent-ssn1-1.cdninstagram.com/v/t51.2885-15/474710121_1421666295477335_3610350523058447366_n.jpg?stp=dst-jpg_e15_tt6&efg=eyJ2ZW5jb2RlX3RhZyI6ImltYWdlX3VybGdlbi42NDB4MTEzNi5zZHIuZjcxODc4LmRlZmF1bHRfY292ZXJfZnJhbWUifQ&_nc_ht=scontent-ssn1-1.cdninstagram.com&_nc_cat=111&_nc_oc=Q6cZ2AFPUM1_hgfLyFUu24IATlSRO-dOrJZLTw6kJp2L-pbYnm9UeTIxj4RSedSy4BIBDoU&_nc_ohc=AtDvh8iyYW4Q7kNvgGlGht1&_nc_gid=b738d7c5e54f40379ac7852a5c5d3d37&edm=AFlAz-oBAAAA&ccb=7-5&ig_cache_key=MzU1MDU1NzU3ODUwMzg1ODA2Nw%3D%3D.3-ccb7-5&oh=00_AYGkVgByMgM020pG_IQVmKkec-LsbM9bKxz1WVt0I6O8YQ&oe=67D03003&_nc_sid=76c0fc,
맛집,gAAAAABnykVhH0LU8w6vx2f91IemkUdwPcunfXHTLtuH4eZjc1-rTrXYqesUQhIa6TnFlANqb-7MuGR1e9n_n2MPwseWYbzUAr5OqD_WzVucrRm-UlBHzl9awqQVHfFPWK4tZQzy6loqFx0WVDiYgKCHtLXiwL9fWXiZVU_fa2FYRhb7XvgGH86qzt1KST2HASSRm0zLnHP6l8L6UP2LgoV_Kl6lA1DT6HpHr7EHvHuxrUkXeoMlZ5Y-zeY5XMBJ6H3rW-U3h2WwOm_W5jt4rSoW6M4_wvgCT0U4SjatVVDEHxgv4yamabpvnYqVzAzptiS_e7vXO2G9i9YvNOSMxbfX0DE-1QKTCiHgWzWzHj-q48UISjgPcf2EfDXHU8E2GZu6aSHwuujls28KvQz0yJhmM5hgC92ZdSw1oiI0ATtk0lU-oAcSERK_aUpuExrts55dEkpPH5NCLQznpbuJPbPxpQCwN92AwDueOya-n0-v3G8t1FjAkm6bG4iMH6T92s69XMD4gUqVE0WAM2z5Z42hdvloy0Rxxiau9NTbHP9PXLyYAwMFaPHU6H1I0bnUxOD5bf28bT7SMRl9nsZ2UA_mULbF2MdedR6NLn7N1nrHdHJaSHXuEQuHLMC3QWEYj4jEpJf6QgHgQ6cac2VwPY26OHmPyuq07tXo6ZXSOKaAgM5W8Q0Gl80u_bRsrHJM52lttz0w_maU4gSRtoNk8RS59M9cBKbnnQlJxlW4orgVr90-HbbQcbbUEDfitR7VQXPxul0cRGUi5cqBJGl2MhWnS-LE1naSpSg3intrTjN0ewKtRncUBNgTtz5bnyiNSP4HCf48dXNL_PDBUuj6_jEfnwxYHds7aDNWJvwzHzoZpK4YIO9-R4wQFfvux0eq719ZJDAxIzcsx-GmrpPYtBzl4Eu1efDJ7lsr2N8crFhpVXVY65t-Kc4LOiJoBydZBN7DLcG2aG_MfjxOiab2SUS74PxZpQV9hD0h-tj_gMNt58gPIXREy5L5PujCx7N6dehpvDZ87W7v6isdXTpwpxmvoxut3dvORbBv5y0Z3WcIC34Ht7urSOoKKSyvAjMcOdbXLoXe12FNpqsaLLonm1-XxqI4AsTalFbtUNLPmow075hbAi0aCG9OdvpZRxWVHNTDQb_6QK2JyvX6TfiWAmgW07UdnfbrtcfSSyhv78eZoQD3syo2zExLPNUZEdcXqTFw0_AFBkddfwS5eL9U8VnLyVQkaYumaZ9USUMlBpide99FKV3LVMc-C25Z8qG2IEjmyVw-D-Ium6GAKF8nOR82T0UfkPYY40duvMZYizFy32xhq_NzlkXMdYXdL_C4gTqpF3jyh3AmNxahkgwq1t5eDRbtM3Z3yZTtKEkN8VSZCjcB64BKJSjzOEVpJgzjuMntWtpnSDMw0bL-iylCcJ5krBIB3e9YhnCJZDE5_HQxKeZ9_0TBouvWxfdhegq22aWGSLq907Nkedfb3Za3hw79zuup3-bntmHUTACLg68pZO3L6yFgWXSkh5yGshAivg0V45FAsRZA9QuWMV7TETMLwa5t2B8uGxo55GK0CexfXdJQl-oacpdZHdCaWitOtk0f3Nk3AsJ0LEHJBIBajAn3JAA8y-qGS3jRvrz_95SxVJdsFU-pFIxGrRU6pN-j9e5iNcugox72w2uTbai4ziUebckQlx8qzkIFRyTIwHEhARzHzqflIq5WpqG177r3OdFkjK6yaFceewEQhKauob9RkJXSz_oIjjttrsfgSI4jaz8OATpqGvE5Gbs6hFPQzS7rCuweks9eoSQmkqNFKwlcMc8dBfv1bn_1R8p6eR486iZbQv3OfnsNLPk5R4HzCmXI68bFZStaOuqX5z4uTiBf9CvzsnO363Ifg4clkPaYuekifN3jEe57Z60K2yag3ugIPFGpDEQif2-j6oGquZwtdWZHyWz8TycY2OJ2zdBmgmNLiRI7j4Gu-OVpeJYDfneXXvb19T-TiuIm-Bslbz5wip518nPnvrJzEkuPRaKBC3KdLS7ybpm74Te1k88PeNQDXbiarpIbS8X39V4Q-WgxatrumFvER7YAy0Ci0CJbUWtM8DeAXoqYFWksEwFQ9jrzUnVNFSYr87Bwar8xL2PmzY_T36I3_qeDOlNo00h1oJF8d6Fvva5mEYuflIop_frA72ZXrrVzsmXS2dHPOkcKXgv6PdyTmAu7qy4Dq6fQfHGfbF7Z-XL0NZz8NdUG7BTxY5RYQ67iD_bLGNetc0PRqkbc1aSklEuRQfgWcGoEnwA9C6sJMSu42CUnOGIa1hMm0BfTGxm2OHSk0CUWLlUXj0W4CDYOGYwARRvftf7MjHOizDg5G4gCfRaMoUjYBjdcnOUipg61xS_igT1pzPCfs_UL24CeDYSfGxPjpBRSdUcLpTLFrZt_9P3bfTsI5Kxb367Z6x8eonxW2StZGxA5QDOafhJnefCbCvQrB5KrR9sei_6dq1wcKcwT0RWqZSmls2dCrqnNpdB4VADySnr6aim-EK7k0eZkvULKcq0BcuJvIh49KLJ-xO5-UnQ9OOWJELIL7CM2XYxGuhmSPlTjHd1TNQR6m_iM74XPmMJkZIRUOLyToS5mnuBZXqsKWesRGt9xklqx2OAfWpn_YT3eKuO-y7tsiOFO8ZK2Z-1yK0NyguQOt7c7oSOOXEKeiGj1YxDYtFR8ID_RWV2mXVg90rnl9-FixdgiSKGA7j-qWENzYdvkPxEYLRXucBCecb72HifsqYLzd8oZ1GzXqws_G_eqKBJzmgW3ZGMuLCmRJ9s9C49JySYd2OXhUyEmeg5i5hZcslw-wE9CtvEneIunJUNtHwiTRs0cvVXxpoCA9hTxlXb4Urc-c2UasK93ReWZ_ERdTtvdVwx_9Ey48vasw9QU3YzZZY_Swh47YiCvcaBMo7OPwfVlZrrYun--0mjZj05lDczCIJrfBDK3NrhEqN5yTRI7fTtUkGYr7OVZp-wbrJY0jJuCOlN1KBJiBfbOfErv1OY-kcSSpe29S2Ve4oKorw_VXtzwsO0RPyCrbErXsMdJosgTQf5f33--C5RwQe24ayRi4uvMI2zGJVvVdLeJU8-e_Fw8lRAQdwJ1044iI0wU3aRU2KKmp6MZqNnWq_nB4dphgjwmXtGEdFpjZIpqmQkCPvph94pZfpjcSF4-Dhu1cUMBNyzZUvUcYSsq00e_xIdo3JJdGv1zgKYqLXcDhC4c4BHEcON7ndVbrLtVMc8zL9Y-Hvf2ZCiumYv0fBG1lgPdsMQdsnphIRFdCT9pSwu2TfUPNTAPubGQ1nWnMpAoKzjKFVuipo0jaQa1Saca0w6wYa7OstO2Mz6hoTjO1dZ-qH5QsF6QVKjfi_tYrCmHsPcGjKliSkruV8ES2ZhsBjQ6C23fW5aH1858pTVS_JgbY32R2G665WSUIeX3Dd7_vH7gJATaqp5nH0AqJ6dMxhjCs8du0M5O8HT-yxLuUMpa0B8QKyppX01CU9u7qzYJV8tQKQ35Wq-ke5aiZ7LsaZr73LCwf535J--CenyPB35t2cq9q_DMQBOyqvElvRvzh4Rfb9tkaG__22QN6eSOSzUuwcGaZyAT46xhAC1iuozIG5rhjzf42iU0O2C29qZDxRxc_M7abJdUEayvbxvvrVDIXHI7Jbku_XC74cO5BnFES3tmerfbdAnM3f963Sh2qBZucklNRCyXO2mM_y3uh2h9rg-aouMQQijhlrLxOCA4RFS41u26cMNDK_sgTKhCEmgP2Ku6Z7R8dGNZcL86gfLkwGbiIhBShtC8ozHgcQM8BcWcO_ieI7xFdG2PJIPj6T5ntYdfN3WvF2Oi5TBeBhcrp9QSkEKzE0s98WujiVOMeEQ5MpdIAisUtdqsT94aC1xk3Jxuba0qXG6_V624V9N5jgCm_BmwfWAPTq9JtOmdVXvV_Lj2sRf6Vyvj-uVh_7SfBqpmdv80kNki7tn5W_RApWaOfJ5r2CiDp34lrvPzNVBn6jBQJEarydNF0zs9dVsYFjNjQ8fze86pBvnwz042nXto577p-lIlmv-HZPX2JRyLz39hextw6_vPMkpslLCoyvbr1fiA58MH1JwsjYQ9hw6UBGUf5LqhOh_iwgp0uSP59mn2PFV1xC_1j_X0-NemwHCL2fW3EkxnFb3qI-9ifmoAAgfflvJQ1FBrJKkuCpb16Ni79cIdDUXJNrCLK3FmqjJihXljd3g0EB6fMv7Wix5pynclxxdywlXeyI-ZIDDZkvF62VKFRwOy-DMYLJ4wkVKntMOzZcfjIx1GmvBUbdQL6J-1GbGvm1Zfi30XyE6FYXu3JXoBPWJpxBBorl82FioF42EKXZJfhHUJuXKsJOACiJVGl0IXv_CbVrPf_daBkdWkrZEuJhr4R2JE3FbNpzb0DwANmxcXSTxaTnX9n8nA82zZl3M-dr4NKKgTs7YC50WapRXHTBxvO5nPrrOzGIZKX4fUiKl_YrG5o98edi15qRdGmX6c6-E9fvKqoQ1WCOKaXXfougwqD2MmxUlMgjDBxrYXcxTmq45BT3gVLpfJL3NCQgf51SoGIBdLG-jgJoApbgFrRVS9Nccf9oluGLcUWgu8JdeCVRwMVWzS9IIKSH8jNPnmAZiLoieoQlMbYnnWWK3DJcVbQWtxM26WnQtJctBLu9FqxxOFyO81w5YHWWF7ROn36cenvSanCwVbII0kfYaSbqIiJ3PgvE3Z48IGY5oOdguiCI7DrtWjKP5guvI6Cs6imkbZdjssON9UsHzflRaODMW9VQP3PAd1QO6k6mlGNH0mqK_yhDqmpkako1I7YV4Tb4dKSgyrg3Lfly23ZOJvbY-3FGIdHT3d9IjTNu_RUrN71PR_WUN_n7PF2wsHxtlqrbkXb2GEqlWcaHYPBHW-48JlSnUspcwrUmtaTiODPtYPoHLNPBtnxCoek7sFpJbk9E0-qX7Ql_Cnqp8f3jQ5vbG-B9QkCmG50rcaB-QzmrbKjUxu7w3FqqwE1ml1HBfF_mS_LF70VHqdMGvfj0q9WOefQIA7xdYqNqUL5lJ0BxT-vzGCmeHibAzxIxUmJs6lCdVyp-9xYGo1FkGX3pR9Vd-D8uxh3k13HnN48BwMDi17RvR4nd_INJkzY3kVrc4lUs0liBwjWoxeaqLJrUd7Xi0Xjs9Ts51Aa580-zeRe4_ztrHQpq5aaLm9tqPeq4CtpgFB-y9SYH2TiaaqQxH3DGKdmAC99aEgxvUBBs32533DLyS1mL9m0hvmAHEec3v-C7GON0bUFoWrMb7R-QLWfTeOfr-At7MZuDrlhNWddfWNrGSRO49X,['gAAAAABnykVhydWW-UXkLinSqhaB2AicJbldMXF54xlNDDEmnxF9e-dhI7UmXdL7d9_MU1AHPd9G8i9FJgP91BRVZiYLADfP6A=='],58.4,,2025-02-02 18:32:29,https://scontent-ssn1-1.cdninstagram.com/v/t51.2885-15/474710121_1421666295477335_3610350523058447366_n.jpg?stp=dst-jpg_e15_tt6&efg=eyJ2ZW5jb2RlX3RhZyI6ImltYWdlX3VybGdlbi42NDB4MTEzNi5zZHIuZjcxODc4LmRlZmF1bHRfY292ZXJfZnJhbWUifQ&_nc_ht=scontent-ssn1-1.cdninstagram.com&_nc_cat=111&_nc_oc=Q6cZ2AFPUM1_hgfLyFUu24IATlSRO-dOrJZLTw6kJp2L-pbYnm9UeTIxj4RSedSy4BIBDoU&_nc_ohc=AtDvh8iyYW4Q7kNvgGlGht1&_nc_gid=b738d7c5e54f40379ac7852a5c5d3d37&edm=AFlAz-oBAAAA&ccb=7-5&ig_cache_key=MzU1MDU1NzU3ODUwMzg1ODA2Nw%3D%3D.3-ccb7-5&oh=00_AYGkVgByMgM020pG_IQVmKkec-LsbM9bKxz1WVt0I6O8YQ&oe=67D03003&_nc_sid=76c0fc,
맛집,gAAAAABnykVhdjtSgAnL_GHVQFDtuW16Hqnb7k5TRs7BGZwIP4aHsGyoZi51u4y0Ta1VCTgQHlMCJHpgOfBtv8fZxMm53TWTY4R3E8gw-3zJVTffh3n-XcC4t7MT_TpemCjvcPPaw3Hn4SmDj-WJOmKjIZ0R45cSMgb89FFk4keoVMoSCA16gm4V75U8YamnqSvBhA3mjcL23Yf0xp24Svcls0eMP4CMfIyNE0Jz7Hb9w2PcabPYml-SlWSqkvZrXVxr9j6j3oxJR8yh9TZcyFKQcoWNCRVQ7bX70b35v0arE7ntiY0BmDtNa9GLJxvyUuJYUSgNR_u_2xFCqEsG7yDgiMeu-I_byCmnShfYgi77ZuK5GaSCZEphQ9NRMHGXkVjdHiopUNnuYlSyyoipsijM042E7UzIM9Iub6a3vN8COqWDwebfc9LHhEImhXK538IdWfZTiJCGhk0apjJ4yB8KFGF9tgDgEyxOcE3RvX4XKABRZQe_6yXRatXPZieLPpp65nqGGKrQR0tA0-0CJ7nSXob96f06nYA5Pv0iTrGem2LkSskKhnYXhuDdr9k8y3scbHR3afHHZInzuLY6OWjtw_IvE2aG_b7Bt5ouENTFCenJbJ-lSJoj7hmxE5iJkqqP3A2KKUs76skpHz53ShrTMcMr4knPyQ2FkAyAiydZ5ZqAbSf-PfVbmRjHIgoiV05NG3g0qFzMktmQce-70LofUB5nAR63zPWTz_Eoo5b5cps29vVrnWGngsv4wSTlM7CEXyqfnlj9FqwW6VzNz3pvg7lodvtjPT-4Vg3qFxFkuzNX6zWF8VOFIgL82sAJKIGMxw0KWJzbbAR7GFS5VqavHBBfT8QrEque9GYdcjZ_2qDjb10iEaWLxGvqLkU9TM9L8TuLNTvqlvWg2HSewcYcxV870gapUGStRFIo6NJKSpCxj9puiVhcV8tUwfAxtm99lv8WdrnKNM9PNxEsPFc_qN_yTY0ieoGgLMj9ZHE7LiolXKhlPu-9av5zPjciyUoVqjZjDmwmMrEPDXISrSTA8eB5-v7-tT0z5NxlVonTv4HY7E8baE38Oj06JU0kGmizQTUQt24trTLVBXldM7wF4nbUzkk95UBXbhyf7LegUrnRgPL0tkn15be1p8cSbpGSJv4nHIDBik_2O6mz-UUSfiZGJ1rSkG6k3KTA2LkBCr6dFchXUf8L7XvpaLpWEOd_UDbSesiyM94QwFEcr4AQ0PoWvYK9Lt4bI1pzM0gRj_IMtTU-AGOjGDzeK4-3STpw8eVI6NXWEC4TTRd0ycRIW51p1cp6UheRSpk29ItU3qJ55sR9HTrKsPOGt_1pWNEV9ezjKwwt60uUP_qQfwjyb4BjyEHud1EfI5UGaeos3alw8vC13oatzyn79CFbRP2p2DvVmvtAbR7t3zUpSJiZG99lWEof7midJePKxzR8iLWM1eC97DVgrNF7zcsFSzQ5li2u5uANRSSpOgBIPZcDPWAGAsDWecRRSv5rKwo24AAIgAAAi-DtvdA3ho-53b09VpfPuGEt4ru8xqkhvdk7iJpvj52A5bXh_C5IDujlgYn2DiqXGSi57xN-8XVWbIqdrZ0izww7tKNYS2X9e0-95jiO-THgi7ikVZJfPLwF2bQlhLKf7-AvFSOMcxgwFV224rVDVefL34-XEB_DAVwFoeDMVoLAANrLrAT5ljw4l-ERu6ltx4AalODcEZoTajUmj4LEBoYOtuJs6OOdBqMsffPbj-FukTDDuRd0PRLAzvtOKDkBk0D9nDNJ09mpugstakw_40CQwvONvZBq-N9k6SFbfML7dGJuTGgVEwaAzJ5NiC1DpnBnq6b7DcJPSxv3MfqzywMsWjb1S7ENlw_uwl9qLsVpqPjJ2UvsquP0bhioeZi7Fa5JKyLKxn7hGqIoMNzrUVDlyzpHN5kBK9CvH8dGrgZXyC1S-2crKVPRq_NwAeEXYPxKVuSTEMhYknYvhJDtnbcUEWl5SBMlODgPduotoZHYyjDiphULJFJMXW5pfwoVIapcALH6v_Z_uvFwo7bsk4nKmlVKRpWEVS6RnhMJ2y17Mu9XESkCPOXEhH-2756Omw2TK87-yyUoTEfsBQiJWqxpWU1qlIdH52anMAGm_b0r_91mX38OnuvRtp9Kby0TP5UUsxx4Gdb2xY0OMN0i49QkxLLhetpybbNzfzopF5k2dBM0nUNlpbzKpII43wmKlNjAq0CHj59PC7GRefPfgfrUOey3I15WLfPy8uJ1RVTdjgPehoEqMo1Nxno1lvNFbcCC7MyAQZFj9uO1dZj7dXvwGaYTgLyewrCVvXTUUBcOzz0wAW_G8RL6uUmQAGvDHtW2x4nChJ978gO6YA_WiocpdDChUh0K-KYeLfK7-Ojc2kJX-4jDNEFnL-nvA3HcSZM_WsHv0SuBs7SHnubdNk0HIQY7o-vWmD0f-k2hVGojJ6jrCZ6II5skLBeN08IfGVCTbUnHSKsjIKVVeIDScUU00sRtCt0VP-MTgH5CBasqK5PVTxhQiFzwEdmEXvnSwJrGyMKgE5SnwXabmw2ESHEwlDSaqvadFrhCvJxHJ5Xl15xlxIiyg7wEVy1HIguCzIhchVdJ-ObmQs_WtorNOicMQqRXW8VYgk0Oym6ntEtnS1fVbReF0nfnjvZLLZ5RIqKS0g2phSwwjT7O8LO1kagy7cNceNXfsNt2jKgsgRI35QYXpPTNzgmaLOZojNg91bm9jWzhTiyHcr9eVsVc-Npg_AsH1oznpNB0uq3p4pB_nxdM9qzlBNi175JONQb4Xr4pSXQVWRxRnvL8AzPAjxhHtOlQkf0aXVc83y6VrtdhCBQtZoi-v4E9kgoNkolkX5Ts1P5flw_x3dQb98X0OW1aMEzOfA7Pc9z0zOa0HT55qtWLhIhSGVqlvGpZ8NFtmDk-wlS3-yIYU3ylgEZsdPUFuR2geBLu9qgxnm-BApmEL00G-Ob7arFlkUeuC6L4Q9-cjM2ZmlTpxEfgwPHVVfJAk90UYvsXuitV6XKW5F4JVEb_Ab99MfQyLZ96HFOSaKHuQfPIoW7xw5_batOGKCkfftab53czEfK-uwkuytpi0qwCctBwTUpYe4p40LYryojYVm49mxNuU5_AWB2yMaFWxiENZsCmvck7qtH2F1tKzD7nThIhutaxl7SpiUe3PBjou6GyNmGfygKbbIaRLp2GS0n3y5J531Y9YpMShlvE5E2fdmeJIAPEW0PjNUvnwnLvyNlyOuG9Lkz3cEyi5ze5qGXIikfiqOuxs1S0wMm8igK1IsZnnJob-SFAur96jnn_0e84Jl9dsovaYeEwohvpujsA8hglAnFiNnRgesRn_nL8qY6ytUgyt26Rii7y6OWSL0YTeZpWDfOkoIvFUWfOaN07moi26_HMUGuUSzXYBLRJJB7MMiT7AI1ffelrJFNvfYLnHXo_hUnCrmOry997yKR_mVnWWdaW979g_GUI2v-6iRZ88OlTC0MbILZ-BIh6gQJukq0fFtodn4ol87X5J0TNOiZtmrlztIY7yCFewXd92r5_J9xighjpYDJkY4B95yOMMmpuRy_o27rDPbSuXoRz5ce_DcUrgEZu2zTsVqq5jzo42gTVpvtjl-Wm5EZyPHMoJb2D_1nlmuzXTL1cMUkn_wFHRmKyfPOOC2HTygVXMqYRcQvSjYKb-9s8-3KlALq5Jtapbc15hHjR_DbYaOVO2vkse9VducG1qWdDIFiR9Q3JEd9VrHRiRXyWvFrgiKV9K7eUDxHWQ03ydLWWSC2I9HLvCRdDJ3qKAP9DPFdsN9h9qswVjsa9gswyXQda34UJXUnArILoTXT7BRB6vTl2uVF7eLnarwRHD8DZl5ZMnMtOw_ruOc0P88hXuud1PxOpovUzwjb-_IqYFvZOyCRhxoe6l-i4eZsCrD2jNxtWas2Bs7TQsWuw750TtlVHBQlMWTNqcKs4NO4UaFWEEqB5nT8-NVLHD0dhf4TAu5K0zsZNziOsQOERKsQK9WhFJVVsbo8iEU8rUG-MELVv_T_JF7-A2IMMmChh6Iu9kiampi0J4ioeCEo5P4Ur-tAoPQAi1G8x_ZqjvKMSBxUeqi5-JJVjKktRAu-z1Oh1SVDrQid122T69slAL0P1bBzzf7HfIixCPg7DyEng-OTFO0U6sLY-UwOOJQt9lL2VwgG4Hl9Yo0CHq2eThvWfFZ6LR7HKp6MpBXm7MwiyC6S0Di6SwQp9JyO4UvdcdNIIfzuptipd0nZcEo6Eh98hEgL8mCvrpCbN5i3ypOMlVSO7LBxMUsUJzByqSN2DNNNGSOKaMfSeHlRNie4MAiLsw2ymfJr2fJBu5zPwZXba-Dxda5767qDq8QQdZBdTzS7BYe9y6kinDBD9MNvO6GvJ7igBpxG-LwrEcCz1dsT_DBmlsGpQz7z-lPLmDOmk-llSAWded4nG7U4ny0587VxM3zNlB1_bcn7ukPqp3zcimYN0-mgxFRTjRWaZwWTiYIPnOtaWd4gBIIxjXVQlNxZ8PsiwI1IWpjRPpjLbrLF-A3s_rnkdj2JUqzGEUstMqb80vhOnHaAEUBWD6JA4-0Ao9OdLmv6lbGqUI8-deRsZ6eXnwukqSAoTZTvMAi2TvWGcg5AO1KbrkyEqZWxkkuxrpZPlRUVQLsEfEeGBfvSK5o2mMBsEJAfFVD26RScpEwqhXVkrKl40tRZ6GveeDZs4MKdQJleBftQObq3XPbEi1QgF1Q-rc9m1O6v4aN3vI4KLGzsdO-NhxPqhQChzKFD7GR1GhjCdOGCTDPAoYlFwBZdsmN3wUFzKaMA8cfVxUbpu8Ad-tfUtD1wn8GTbM90RvN4ABacN6GGbsYxPID1_e-44FONHl6Remufa5T2axsxzVZIuW-iXFMJbt_GuX0lfelspguhwu-Lh6wFbvd8Bmun28GjlvWm4CbFjJzCrm5zok45PAHWl-cEsYO6Y1uW9ye7LwE6Pl7CLCgPtIh6Y0I7MFWY5_fL1dzcES_v_8Xz4wdzPtlT8UGrLd-dEb8Owzh0gEp0OoeisNmX1vaAgF2CymtJNDX64OYh3EilpJAxse375VSRcyU4unk5lLqo0gI5Q2RZqVT9slNakA6w6N5sVkLNXbq_5USa39roHkIN1mXlsZAZRK_mbvdafYoIMYcfpwP7TFkbEOiH2CS59qn-A7f1b76mDKfZyTCw8A_UQsnAhroDo_XBOjhF-CETnHhkYGN8IMUmI8qRbIH_cW3XOK4txIqOKlSkXbpjbEAF4ysEQ8KyCuPjkCXnTSn6ix6ksriFewLl96jYCQEzREWUr,['gAAAAABnykVhM73yr5DI5Uhi2jrNBjtF2h3Qd2seGBOUZdQlmlEueGOToBtmDUbvIXgkjYgSa2DUI69AqB-RwEptuTLyzy_lqA=='],58.4,,2025-02-02 18:32:29,https://scontent-ssn1-1.cdninstagram.com/v/t51.2885-15/474710121_1421666295477335_3610350523058447366_n.jpg?stp=dst-jpg_e15_tt6&efg=eyJ2ZW5jb2RlX3RhZyI6ImltYWdlX3VybGdlbi42NDB4MTEzNi5zZHIuZjcxODc4LmRlZmF1bHRfY292ZXJfZnJhbWUifQ&_nc_ht=scontent-ssn1-1.cdninstagram.com&_nc_cat=111&_nc_oc=Q6cZ2AFPUM1_hgfLyFUu24IATlSRO-dOrJZLTw6kJp2L-pbYnm9UeTIxj4RSedSy4BIBDoU&_nc_ohc=AtDvh8iyYW4Q7kNvgGlGht1&_nc_gid=b738d7c5e54f40379ac7852a5c5d3d37&edm=AFlAz-oBAAAA&ccb=7-5&ig_cache_key=MzU1MDU1NzU3ODUwMzg1ODA2Nw%3D%3D.3-ccb7-5&oh=00_AYGkVgByMgM020pG_IQVmKkec-LsbM9bKxz1WVt0I6O8YQ&oe=67D03003&_nc_sid=76c0fc,
패션,gAAAAABnykVhMPFRvWj1b1OGDLK2Sx5EgbyJg3EGMEeAH0jzWOThr84YAbdB5B9KW0odYmOV3rTBnE_r25aeLq5wDUhI4E-Gp6FmuDgvj6W5nmp7Y0fsHOX0Dq8-5fNHfW4ikwK2qzEtp9OAGk8LFw-FdoKSmTYsN6b9eyPWMUs6rZw3_mp0AwuX7BLA00YbyRJlmo_WLnfr7_bHH9tSP3X9Mw0qc-fEQjcHpzTLK0Wjxtc5vBQCkMqPAcHqxEUWHRaptChC4r9EFuBYV3QtyrIXwBGcQr5xXbVM8pSrXWUPhae_u1jHNlBhHe2npie_cpfUAG6BwtkNVgTt7AWapcworxAaEpxoq7I_nvOeDCN9F9fwATXtGMbCuZ2xdYjo9yoZAIKoEykUZmh6YWihXtjaTt-bkteyxVLKuNnxzxeDeOUIrNGqdSSmnvpNndBVKK3PU13gfpOqXLpeSsKox6Lj5QRkYP9DERGMwYKPGx4AxwURb3rJrqZ8VJ2-_dlWGjsZMJBfk_Y9XO1V_X53Y1aEUJVFp5RzSk40DuCDa2wLTO2ygjbhCm4a65KA_2tlojNH2S1Ck43zW9XmNMHAm0aeUbya4XgIi292szkhup2TUhVbd1ItEG0wPTafSKSiiRxAUdEwK-JzJ9PDnaa4wd0BrqkOFzCBwBRghoCgaGd_ENQoGED451sqXmVeQdnS9DgNkNxkbKL_nnpxBl2LwyHiXBBIDY4BECg8_ivWltPbB0vxCUmOHRworG8yEV6DW2BNY6t95jxf7xDZmleQqtL0Bkuw11KYJE9_7coImXpFln0RgL0TK64qfEvXjjrHZLDukmmgIq86DZVce9usBHk8v3cLs1P-XQ5nAOZtcrTVvCJSAHuf9k5VXFb8m2kZG_szm0nA2gdNchEjkgtGXiuAwUvhTCcZGBXJPNkaWGBFzTrcR8a5HLP-NaGhgQ2ZO_4oiarrdR3EF6g1vEI82JtReZPFE4JqxjYqT75pbrcfMFS4PyuvFnX5_pGhW4ZkzaTz_PY3Y1n7T-oHE9eiH46dKZNvm4uHd53xKK8vFCyj0pFMNkruBpQiHmANdyHDnGIUe5yOqINKpjVlOJBeQxIwF8knrMhhRMsLFp-LeSWYNe0MuRZKfzwurvkiOBnvRUqgu0zPlSwesalpGYS9bbxU0AHD1WHm-aUkasNoh3aPXQPTvmSvwMUXuEocdjHF7sxagRKvtuZImEthQPJ0CGhoReVYG19fSaBqFdeYldEH6XjHlYS_WPVpiOU7BOQt8ErRv7AKQM90yTexxjb6K2yGXe_lP_lVc4MCCQl-2qB50q73uO2IYGIE1HYROYEcPctauSZFzgw1uLNR05RGK0Pnl9EaREfEncfdQAMZhoePvvuDzHoGiBEnmFeetj1JqmC4EHBa8JEWjMCCS9mkZRt6EQXnXiUpK-XhycZG7nWo-HmOXv_o1YWt6EAyPsdTDrcZVkXhcOVVl0ef5TY9yRJwZBxJl2va39qcdUY_VcUUlKBrbfL9bNcYDHL-0PCSAMTZZJl3avTzgi6TI8gxXWnIaDJ12Pajpy5JDtzLXRwcvoNKYrmZC2dd7JW8CYKLT8j_Fb5SVrMK0pDCPSrtjshkMUpDQOTQ-JZpz8MhwZSrJrR4rul6N3TNIHCMFtztkNULbgDuxYaa1mT-RI-zno7BG0AVH7w1uZppZFFbfALYwJah5sZYKQ1xpZZ5RmhNsIH7bcvrcTDdQP2bcZXA2k79GgRHNxXb_oVrlVUxrbTQOENhqVqh4zLc1tJjgvzZ3988Nv-EMvGZPNI4aW6alnHlJmlQHm5FAjugqxCDU_lSYbIMK0bNZT-USBkwYc9FxELrDLTlfdDVIKyt7A-13CDBl9Z0tuNADtWWVnMEdd9z_H8LRAMNwgtw0ERUoh0bijwNNvFwlLY_FUzXB6Bs7t0qiU5v-_9dEtwBEzLuyUUmI_Ur0LFspofKP9IHgs2bJMqvmuEQTgiBAB2mnlsa3mkRXJ5fL32oVE3GPYD21A7uV3KFQqJVaAcJATKZycTpg308Vf4c83WYy4FRZ0QYuNDyoAKlOesAQknnzrXlc8mvKSKxhSRrojxEuo_RtaqVLkUZKWy8FMVh9MykDLHxH5OqT810r1dhcLnTkHEc2VIMMksNMEVAX6aDPaeyIM9OH1_JWifNGO8mC8woB7Y31jpprITBiozXBKVoXlsDYtZlBabs1ir2FSkfeEExqZI0apKOZxXgRhQPzsiUuVpZ_o7hECh7JZV8u-WUSAIzNrjClruO3L7ZKuXwxusfnHNU_ei2Pr_Ve0WvF2_iY7D8IlqxZX4_3-7AzEZZUdYTHkPbftToRZcv74aVIzN5tRRGuLsaM1zIttRvVeqNObbWWmwquxzzMk2XVz6nEwMs-Bz_70jtARIxf8mODY6iAf7fAzV2vrh2wC8hk92N9RbjXa_-3Y_k7m2iWBP_ldH7DPJMbl8ZwYcWjoCtRma1ym8BSxvMKpuTHLZeZtMQvBRA8beXpG8ENsT0XXpN_V5jmLCdLEqyvSHxjAhugdTqr50rBCNZd0qpllybH26vl5t0r8wRsneMU9up8v3iBN2hXaMBNita15gbEv0u6HT4qhXUyNEwuv-y2xNqgTaimCT-gjlngF4SApYVcbX8hhpnIRiVTSUCX2SCBwCEyag2liBjGVtbMXkBFFBXsWcuV5sbYFWrod-lYj1qtn2iRRxvApIHTi6VrWz9cnbpMRKkkahA1OyiOExhka-apOhOw69OdoZQ15RWauE_3s3krUCZOrycZDwznHHfHy2LcWC5DwMvba2cVGr6U4olQtFcm7iu79S1iGwNuwEFCkyXJjd5yjmwKwO-W-w2Qtf70hgCPkcnTRNVbILsZrpI_w_t_14-tq99ZHNfVdP1u3Gi_mBAp05IevDk2vTdor2tGLmbpxd55UZozBLSOUcdfnznx5RI_yAW7YLRDp65czfZ7Z_HScKWJUXDfb04os3EvHxuEuuTCfJk_xNvZdE0-vIMesKy35HHVQWE-LUxOc8MJMm_BDjhJMnKj_2lK-BqKL9soNyX0uJpPbo0EE1AmbYK55RXWDW0AvcsFFcBgw==,['gAAAAABnykVhc1MDEI2S-BMF6o5w-QMP-Zm-IDFtbxTMqbB0gMzhJjgnfAGnBKlnP1dSLpgzBEJEQMtzZ87B3fzN0UMnHRFB4A=='],3.4,,2025-01-01 16:16:38,https://scontent-ssn1-1.cdninstagram.com/v/t51.2885-15/472427105_18056571158305493_4966793981539436250_n.jpg?stp=dst-jpg_e15_tt6&efg=eyJ2ZW5jb2RlX3RhZyI6ImltYWdlX3VybGdlbi43MjB4MTI4MC5zZHIuZjc1NzYxLmRlZmF1bHRfY292ZXJfZnJhbWUifQ&_nc_ht=scontent-ssn1-1.cdninstagram.com&_nc_cat=105&_nc_oc=Q6cZ2AFfT_YpsZbqWDx50orLwMaprB-Lfe72k9LmXqFjL6YK6JJKeaTcINeZb6A_3xnWNGk&_nc_ohc=aSdWZNlKx_0Q7kNvgE-ohLG&_nc_gid=3968bbf652c5475da6b5f66b94d98da3&edm=AFlAz-oBAAAA&ccb=7-5&ig_cache_key=MzUzNjAzNDQwMTM2MTU3OTkyMg%3D%3D.3-ccb7-5&oh=00_AYHHctlJLnZqJdDfNDAOdE51e9bZcBAuObYFb0oXRZrLKA&oe=67D00669&_nc_sid=76c0fc,
패션,gAAAAABnykVhyIm0yvS-gKV69T1cS8kqRz-N8kjozdV_3pcAiO333lKn_kz_AV_JakfRbrtekgvvlBjgBFbp_lQIZE8K1QlSNcrMmMQUlqkZ5oN5PACFfAXlVgt_LUL9Bzyz6eygxnOPO134_6cqKMoHB7Q62WoFLpMssRi7OPLcMj-hNVhgmYL_nWAcf2afk4VIEfDZANxgGViMbgzTKsE1v5am6oeB8xFSdQrztoQXfc8vnMzHSBMXZZZJcDX7RPAUrkB4SQtXy1Dh70qt7uHTN0xDemFpxmDbG5IowJhHvRQNCUfgmEggvFULak6pgVzCIpLcXvO6g2WZes0es-Ab-ms-8g8hWEn7HjLB1PRNHyvCo4iZgw1og046BykwfkxbD-7ldphtJE7wfsgVFjdZSlSnZgXnkccmcBk1n6iNmiDno8aIt_mbjYhsfIFa-6EMoZdEz_t46nPcYiey8bv0SBt_MAn7tlZYX0622KclJQaQHYl-nKERNHrbwcKXR001N4t4q9Kg2FdZdGAF6WNmF5V9H0wBE5uzXQF6fuWJbNli5rRgQ1bizzk7Alt9-qjhxAhZT4k-GQdbAT7gZEHh-_peYw2KBy4vlXTm1Iw9rZ-dIFCkw4NnjtUDxFli0qWe7MuaM2rJjxCbC5la6c5pxnCdOyFRLtQ33nWRNTiHNM9dI6ZvDbmlfzOtW7beZD0SAKJe0QDtvIUkrDs3VELADFx7YJdzDZ2D2dFYdxjyc-1T_DQyIQWUifrYlRyCVSWxiqvdywu3daNSpCUMVKRIaykpcCjizRItY1zFmwFMqUdcD2TZPHm70dLyTVUTOUXX7KUxZD8gy9nHAcHqXpBTtHrREe2eaJTgVIiaJvzojVjSJ6H9AqqE2n8_K8xSUv93BzdQjjou98LeWn6NwxXkKG-_UUrGEsUzaq2tLEwX00YTHMG3tGjjB3IEYlD3ylxtFbQJ7KWVS3_yED4hsS6nYWJxJq7ha2H90nHkxEAhHpJDnEqZjuVey9Hs86gBIlqJozZ9OlW7Dr2JCZ8nOUQ5bALSro583qNdR68-NMvBzFXgLifxyAR_LlNqibTMv7zofaWCRA9pBHmUx66piheUUvmxuJDusrMeh_Lk4MMzUuhACyqr-vhU1WVDMXitLXFJ2dHCJ5BErEwhuJ9kZ5kvF71zsKKnEStkr3uII0NuIoulaT3Iq7bSfbmkK_9-N2TnNyiHRBctq2218jIXwy2pWFoahKj_ErMrP5_GysYDtUQqIbN2GyCxksWq41wkaOZn7c12ljs5z7cr0axV6-sLgeXmY6hld3o3jymk4VXfP68KGmK7Zp-zXm6N2VblG0kZBKbS-CaEhMKkP9CNVzxcP5-SFFBzFDkIL52LJxSJPWKpAbuSBojLYnMFZAi3BJzR8k3DxSVOMuzgCfzhBQ7uQUN8b-7Wp6yidoFFN0Z1WHrNAb-PIOPwXg9p3rR1lhvO8Nb0OPAkfYOYgvgEIglHufSJZpIG2ga3CPPqpunfAIF5h3N5D7W-F0gdCAwHtrFlGG_xe81DMCouSm0s9hQGasM2lSvaome5JVMv8fchVE59BJ8ya_nDbHo3fjOtFdT0cFr7xe5X9epfk83b2w8sFqA6Enjek5MzQZJzRhh9i6HANySQ6eWNeq7gkZfQh3e0t8tsocozYy4Du8rkpEgOij0BxAMNIpZi0TiOiN6YTRFDuhIhhorUcWC0hpn2CQsqqB6iYwKzbYZKWH6y6hlkB4cbmQH20Fd2K82dR3VyR14Wqh-7FXAvesLpnNmVhoZJN6Nbvs1dluRtvwBQEP3zvs7O--LlQ-TiL6e7Zd9qUDi7dMNauIS8JmcKP4edA7PAnrHtDCWi0Vn4LvvzrDq6_QviJTfHgjNReLLBRO0caRR2ss24-IiuMQVk9bQPSYCp3h_TRvvhxp4z6zZGkiblgwc1j2ytPLNwE8n31UAhljKAsboFoVTS7B92AiZ5r5bRl65DgaDnBUtFYPDPEqegP7dh1tjMXBVjNgtIS6n2Li_2X23Gx7qJ35rzBAESiarDfCSlZdaDdESkz-mYAJg15CsabJv7MbovzpArXFD5GmssbLYbGXIY5QKNQP47YTdRaoRWELrDEJsDWznA5B__42J2OdakMS0HluMlDQwwkBEykgADfTEjPJtIrSR1mEZ6RZZ88rbMniqB4HFGPBDhe9IEoQCII-DhcVMbV_WrV8javclsHJ8VyPlt45HLrh5s4CIjZWeN5IHxq-54cw-QUnPcTUQIuC9R2QThTtGwD7Grb4sRh_YgyKsjEDz7aB4u3GiWK5gsV0-3sN0BJpL66PdoOmbqbLPjTQ8alwLaQnEwYX71-v4NeCULWKf9fdMy_boiw8vPsFVKUyTkeBkEnJ1A9cXAbJ_kDZY1zuLrwlPasXypub1Ngt5WYlRcQ3-0ZB7a_SjJflI1487tiqBP9vOimnJCO5ZlfwtnJJ945Q0QQAEWC48hhG_nDs8lnsq12XTG6jtYwuMimrjMrTFonOCyTF3VG96m5ZE8JoHXkUrInaKhn9pLtNPw6TaXAM__3382UYb97h61JxN7rXYjj4jPN_m6AotclmWsgT5nLmdeDiEQMgtPANBKmfLaugS3uPExCck5QIqiodKr5Yo22RcbIr_CzfzJlmPhCLMFDY76oPkl8wTYtUY_53AUa9sTYePPMsZ-UcLb7hzAppw-rkbt4s4o5GaxYP_L7FeezubHoBu0EfgXgIhLpEaK3K1TuzVM6fu58s04hY_edDO8dljRmeR8OgBLZOH_-t1OdRK-ZaOssIc_FphSuqsBPRGGXDR8lrr3s7AfjvbocAl1rybNWO3vaXRUhG0_2npxuaiVteCWrNdph9BkdGTLcXJro3est6loWWlCkApWxbsF_PHfPYqsHvoZrin1TTQQoksHssMYnr_NUaLtuOgtfrK6Np-Ia6yUO7jRmemB-juri_gdQ5XhlO1gxDt2BgyumE61Lb4VgISR4O9zMPcxfiZs10a6WfQ4XurSm9ZO3d-58jordEgChpgnqRCG0Oco0LttZ3YexJw=,['gAAAAABnykVhwSc8GZjuSPCXhu6sZsIipVDypGzqDJEefLURDzPvupZUVfTnaaaDLa1cz6TnG1anTl4MiwZa_G8wgo61BMjKVw=='],2,,2025-02-28 16:33:57,https://scontent-ssn1-1.cdninstagram.com/v/t51.2885-15/472427105_18056571158305493_4966793981539436250_n.jpg?stp=dst-jpg_e15_tt6&efg=eyJ2ZW5jb2RlX3RhZyI6ImltYWdlX3VybGdlbi43MjB4MTI4MC5zZHIuZjc1NzYxLmRlZmF1bHRfY292ZXJfZnJhbWUifQ&_nc_ht=scontent-ssn1-1.cdninstagram.com&_nc_cat=105&_nc_oc=Q6cZ2AFfT_YpsZbqWDx50orLwMaprB-Lfe72k9LmXqFjL6YK6JJKeaTcINeZb6A_3xnWNGk&_nc_ohc=aSdWZNlKx_0Q7kNvgE-ohLG&_nc_gid=3968bbf652c5475da6b5f66b94d98da3&edm=AFlAz-oBAAAA&ccb=7-5&ig_cache_key=MzUzNjAzNDQwMTM2MTU3OTkyMg%3D%3D.3-ccb7-5&oh=00_AYHHctlJLnZqJdDfNDAOdE51e9bZcBAuObYFb0oXRZrLKA&oe=67D00669&_nc_sid=76c0fc,
패션,gAAAAABnykVhuBW9fS9oYIXEuUtMjX7lyq4sdHVQki_gQbp7zcCREakihClz5Hvj7alvX_nfQV7V_8RUoLp80T8RYncMkv16S7FSNh5M1KG8Kfkkblf8mwvnusqGDEPJ1Cn5gzmlIdMQGQkAeBRkghVa2lChilnyUqWh8TUgwy9RGaNb5n56OVVsKX9KRGHR5gBxqYP0JwCyrKsFu__kj_3Wfl0e6j8LVNG5TMZcFFhMiMlaztRzsgSuCgWrCazj5Pp-hlqDzr-c65L5oQyhu3lSc2p2MT55CM1I2-nX-_mvbb0jJRzPK8__qdc6LsootElkUzigAwBUzSJDRfKKm3J3SVPAtF5074bn0BdMG2WNgyzZ16bLNdT9XzZh2BalivnZbqQj4Zr3rI6o9a9Jdu5SwvAtV2Gdzhv76ZcfBRqh7IUM_PZd2M7KbVyefg1Dmz_3fWTRYkcotUXJKBxwbi3pAs8AE5JANFJ2CMoPFSlMjb3ieyr-uQCIxPEKtNjwGlcJYFtL9LJKYuSW-g2EIS7wJbiTmDrOQpUY4gFhax4-A5dBsD8AC_sm9E_d0VAsw0NexE6iE8RQkhe6APJq6QC3bW_55Qd3jhq809_KRAxt4pwLg8ZlXOrNUxV5TuHbjys-w67dji77CkWrBGVqiDZu9UTxr9D474Y7A9V2oI2XkGPQyUZ60TPCyb2whfefYZgpItOowCNuZb5LQeXQ1ygx2Yophdi9-c-Ao72tcBE-yKzq5M7BtAIwq7jMa5QmbV6hXWvnpIdIwBDdIBplqotocCamqDiIuEZh85Ld64-tKbLysVTm4vHbnkloBX8BNJoyONTI8L42hLKh4o8kSrgTJd7iI3HZrGWvzOCYRrMkJ-niNAsYzqZ8dUL8XI7HU97E0UJloJs0th33xidXUVOE3CGYzPUZsfRUBmpVNtotEUf8tpt12iJI5jxqKj1REDXSlrzFywU-YL8nlQHmn0uwkaDwkavAoRxE_b_uUmltPcZUd30hyQO9V5Q9duUNNwJbCoEYcQS-mOhg_GEQHPVbTDDG9lB1n2_5hKc1VV_sRnPTRc3SKBxSLtynjTUdLlpGU9y4Mbjs96ZsQSXMis3D43tdV_rlfRa5QUf22afmyN8u3wa3ee5Z2__dsBKquiatVlhfDHMQgR1PtO9PSYU-vHgY5x6z3cb-Lfj4t3wOfq6APT4WMI7uFBhiqga9PzbZQzZqmS09afwUpGshHdm8cNJ14FdD46ut93B5sn1VxQFmKP-_jT2L0axxJSaC-tghYnyA-qctIi_8z7uUbNy_SaC38HCJ1dVzvcJ5q7mh7LYd8WphRs6SKZmjwVLQcEf69u9rpiDn1JDo1ZDmKjL2ZZt1m8IEOo0LkVzAow0hErjNE18J68m7rHhGO8Z7KZHbz_5wZdxkkMImEjePQpwh6GgeqwqYN0wARINuRFygdLN_BbRYnK8STMbPUT3tMFNQfehbFWGjdn8aVROKPsM46IQr_6MfJk4NIrfuGFpiDt_KUrwxlsRb-FKWPjG57pN0KYVJclFwvbPEpewHfCprraIM5q3av88F7md5rZ1CesuRcxwyikid8gHzEJEnGIolKIqxC_Ne7xhpcBI1aZa7C6Rd25sPzDbWREHpdeVd7_5yJXQoEFbKjCcF6MFHhIb73m7Wur1y7dIzExFwWOGlHmGYuMR-0iL64ExDHLi3dLZWUSYP_NirSLlS-P2uc5A4wPwsP2uyz0d2wqDkCcCNuLcyVnktnREvNGBV68RXm-oaMnvRcfwDp6_KgwJ7gS5Ro9NLYUtuUjC1CcWHw-cooQKYQ1SkTFtKEQ0vvoVPVNOiofHDJsIDPkAxLXxcMyIMBxRw6nYpB8NTr8ItwqwkbeOFRoKt2_a03C1_JwvjXWeFv0jHrB4bZGekNEbOqblRJ06En2OftyckYSBoipIjd9DoPgNs75jXkQK1xEHZEDC622QkFHVl4Z3bVdjX9e9G4mvgK4wOvD8n73t35TNchrzYii1owM516ia8O6iPs7Ku17jtCIyw1LgAIpFeX-r0EIYHaSVZAg30HZkWLyMNs9GGsSCkyPU42_5Jt8ZZ7T33iJirPnXaQZwGHFpT5kShKjczlM7a72loINUo-K_iMxPhQoxAVvl1BG9MpiZooy4kHMl9wZZJsK8UNDjbQkkoleqyygAw1e6KZHIf6s3ihJHYzoUtO1B9rYGb1fJTG6i26lObCBRWr9-1HlWZnTPrOWTN-iCTeSNAAIEGQHJaXcTvX8NFx2_sn3k8RQQ-CvlAylyozs3OURMni-yriH68kjnHpzNpBP0T7roJVimnyNw5msNUyWuXavHzYrvLWKbybAIiSQvf3HgMVVFfqsJveE2FQhydV659w_6BakNLl5ioiO3U9yCrRnmi8znIwek2Puu7EljJ5LHH6m9DFi4nwejtmGxvbL331TvurTMHhzM19oE1Vna4LmGgQ-bNg_jk2TOlc7Zh_NGNQo_TBZZH9XXZD7lSG1IG-V4J_wmE6y27ACIxi6Z46wvOhWPsva7QYbMjVp6daJ1UEQRmExAoGEx1oVkmzDAYh3jDcIX4n-ehPNm0clFLz4CkNvR9pC55q86pJYEXd5K6GB3SSDZxaknrveq9G6jGT-P4rB7OvhniQAUQOVRnetn5SBdzuqn2l5x_zvCzoAJ6vi3Bt3P4eG-pMm3y52PPbpOK9UXXhZIJwhyJ1-QTgMcmQEaQovYZAr25mbrihi6En0ZWvFWp5hbeMpZBAczltOMd0fuCUJUoq0Da-cu8x3m1s06vRg5PD9pLcJiv23yn4Y1PhVUcEZ0f7mN4j8kh6ckFSfjpDSVYpsdE9I62DLnvQwm9kOYneA8J7ke_fgDC0w-ge8DZof_Y-7TMGl1Fw9TIOf08iXg7-iK3O8fBwtgX9W6Fj0rGAUfZtV5DBuvW9LIq0PXgsJ28p_CMScYI-jvWx7baSUoc1fQlkS8-XXs-wi8ce1GSdva-H_aulorwU_6Y1CZ02HOwbOC8LJoiwF95qitHilXJpXoorby6Vgz5M-YGbKApzWKJuB8=,['gAAAAABnykVhe24EP9e6m05ygBB30B3Dg5G8U0Lu0ic3fdYCIdtXvLzt59H6s0ZLj7dCTeHnqA2oA27lG4D6qtJJKRTQ_ApY6w=='],2,,2025-02-28 16:33:57,https://scontent-ssn1-1.cdninstagram.com/v/t51.2885-15/472427105_18056571158305493_4966793981539436250_n.jpg?stp=dst-jpg_e15_tt6&efg=eyJ2ZW5jb2RlX3RhZyI6ImltYWdlX3VybGdlbi43MjB4MTI4MC5zZHIuZjc1NzYxLmRlZmF1bHRfY292ZXJfZnJhbWUifQ&_nc_ht=scontent-ssn1-1.cdninstagram.com&_nc_cat=105&_nc_oc=Q6cZ2AFfT_YpsZbqWDx50orLwMaprB-Lfe72k9LmXqFjL6YK6JJKeaTcINeZb6A_3xnWNGk&_nc_ohc=aSdWZNlKx_0Q7kNvgE-ohLG&_nc_gid=3968bbf652c5475da6b5f66b94d98da3&edm=AFlAz-oBAAAA&ccb=7-5&ig_cache_key=MzUzNjAzNDQwMTM2MTU3OTkyMg%3D%3D.3-ccb7-5&oh=00_AYHHctlJLnZqJdDfNDAOdE51e9bZcBAuObYFb0oXRZrLKA&oe=67D00669&_nc_sid=76c0fc,
패션,gAAAAABnykVhM0qCUhcyJ0pizDd4IjjS7yMmslaHc1RDSvwCKG_imgqAXDx1LV0GrwOdM-zzqWPKGjvdw8XWFKBewJnqI9j0AmGBMyCLTKPafclm8gIpLgZ6_7I5g2WNQGGhBTY971JUpWnVqg795q7UvHdHT1vFsGCJ8sKD2Svqw-KUjZnb9H3I50Gy2YVb1CnAKzW-8k3N2AluqPbGOnOwJUhr1ztz4wHgPW3igkz2rH_M30S0X9OrDVmZYxeGLh-DXtQ8JtJsCqMUfnWgIW_9MsKAj9b0MtUZmOBtDZVU3QnE40Y5VPH3DR9Zub_Deu4XXVBwi1YpL_SWV8JNuroU9DgIn_Gk0IZtJl5LldxVA2GHDYR1LqQlzkG_HSx3TZf83g5dObxmabqvrmb5O4QZmczVOURAd73HzqZMf2RvjJKkaj17bcVwdxu9EJ-iSbsHVu1g6cco5tO3igLjuewqwDOfP0JlLzqfiKMV7oP-vOwVc0U1acZQZEyJzOlJF7RVjzMhJGmx6R70Vs3aTEd3HA78b77AAk3e5PLlPGOv3EmDi-XzibWdMazNFVkWJLfStqg4D-MWfOYH-Gg6c8Z0N0ibNIsw3045QWHSXi28epBNqnxwleML7WYwudhtpGrtMrSaQ22BDC7ypY0YPPr967B8rIj8tRmH4L30EpFVetwJHVkPPhHYJBDPstr_k4HHCGLNxJSwoEkbrlvzyb_BqMuxGMYX9oOfiHU38sCZa6K_KmMIeLRJYzL58M5t5PiwdLpeogFfELZkoplbajLHkH7bGj5WLgCBXZ6VYhJAcqNwx8_nGaWvnd6GA6MtEvEhgfkOZD7pvH-AuEfzZYmQBLUSBVUH1-yiTHUKdGlcD_uWSYh0yEut6CqGvZz6Ztq6gzvsFtlDMwVLoeIHuE_FEXCpndbzJg-QQEGopntIvI0T-wxAx65qMmIg0_TkgLXkeCmImfNdTw16mNo_8QgKYbKZ7TK2KikCuAi5ft5anwrRZYw0_1GzBMYBdCKGMAESak3dUhUE8w3mHR-ED5zPKa-eItrbHceoALQ-89TSjqA2JsLHjXA2dAjBWkt37Zc61YiuI-T3vtNUbRlioohZE5ZWNPt8hOUEVIbrWJ4UeYNqHoTiIQAsq2-qgknqD18vDzC835amHckuKGwpxXilNZWhJFG9fAYRLxabrz_7oiF4y8IK8MZFViJDIR26zFDsm2mI_IVT59JxNbVGFJEXuaU3nEnZNFl4RjICYYnF6DVKNoOFRafmRUUVUS0o_FNevaLKjngkQ6BWQTwmod0xOQqGF52IGXwO-SfGaHE4-Wb4X71W2sFKTKje9G8M_pPakp36cTUztggm_8CliTa9TM34koBjF2GIbHxtwP4XHTeTAnZdgscsQ_r_jRlP-GuSK0q4P9s7hQj76ZZ6JUMC_5YqQ74RdnlNMeHcC_eosdeEUIgaUTAGsziJpMhBfmMC4gEUpbHZ1MIQTEEP3MhxnTyYmMkcdRLDSgrgX0Suk8ZLguo2ShGD3QOq5cWCH1-vJ8EwDSpXvYRIYDOsWbpqaGELW8reGjgenXZLuFnxEF5HrJyi7vbaZrOn7Qo785n41zaA_K7RWvqz2MlxdQrBJbdB9jis7pytuvqC6S_fO7nboO5iUdshK28-f-iCadqUi9uv0MIJ-L909F7-LK75wtFxxIGFULxIxvDgORo6e5vcgly_VZkLGn3wn1sNShbZkuUtGNMDMmL_RRo7TAhNZi2RSUZfMS9_S6yCdP3bE1PqRNiuaq0QWhn5r7dq6Ohl3cIkWVWDYVfw5GqWhh71ono91JZr_ZWUyYbNQ9jD-eYtxcctZ5lhciYnNaEniVXwyVmJREMuox54vQJ5aGLE_D_gn4ittzSpPtQgCN8GCNLk6jxPMFq5WA-X1VdQt6r-1W6eMb3p4APDS6s_WOAma9AactoDgvGCyxH_HzB-vyIxEi8y-U27tvXNvsxVgb-O8MSgj5dEy8tRZeehyF5Tt7QxT2bdvaShWJwZ-oLznYjtezgVedpbQ2oj8tQQ46Yl4DqT93bEIb0edaIrHgwFJCuHm9iz65gJlR1EdJJ1Y5sGSOV8xtS5gFP8nysVfNQA4tAHfujrsBExk8lIqwQKkhbkEecLuLi6YZ61KLn-OFX_f-FjsGgFM-CpsQ6bIr25e2iUt2qRxs57QWfzC_bkB-6Zd8oiFj2pftmG09e1Lsiu4v8McmfxqzRUTiit58r2UTCy6qEwSwfvREZVIJbZY1emm7rGw-xFZ8fUSM6uvGnQWALLucU8CjZpj7Q12wkdHZAAO-5nxdcR8MV1tK--2GRDS-DIzh3oMTy70KZI8xgIMtx1V47GiiP9m4GqlPD77XsX71RnMzhjVFk6zqpUUwvpSSnQnP0aVY3XCzadNOPifxyJni9jtdSm_NtSmhNx8HtZtLGOq6qoAjWGdbmTZ4CPRftHV0yGC2M3rFtJQOzZ5NXTL-Wz52haw4KGljWZnw_bIBzrAdL7t9CDmzjQYw6tTYQeN0yJi9oqqs2_oaqqXMZjM98Ult38Af0-ivXqJIzTEQENfGjpQFVD3hcxB2oE8swK_wmR7Rl6cXruU18epO-9JdvmiN_Tg1CiQ0GFK3Jasz3obDDM3jMtjjZiNVCgUJkcn9QdCH1_J20W-ZgmdQIOxNixdlSnLb3CerMt83UVj0ZcTXmggS5wo3RkmdpR-1wMsuzXr76xCJkM4j9LPLvHVQD7C8Rr0avPli2wTJ5fejQWfIqk0glboq6s6Rp20E9853iV1BdGWySsa6oOghzhTyJ2Wcdi47LhZxacWjTJNKXlmIX0-S7rfnHVHNdaqurKkmHB9XSfjetVh_VR6JpmnKj2ch7mUKO59mXFaF7-sW3Sph6yxxPe4BYcm29sL0T9eHaZqJLJ-6P4QjkqXkQhRH-r82OCjIseO0skkCFR7Gepgp7zyimIoeHIUdDqE0mTGLE4KOCGp4klMnhCU2NG-LUAlqqAPqdAkVxftLT9TqBW4D-Tweow3u_XP7ElFaf0N7ZNDkG0swe9r7KHaflAgLI=,['gAAAAABnykVhMacq3-d3j9REh5GzISaWVHlVIUhqjiC8BRnyJdNe1e3CX4-PqhrGFsxTiiMD29NeGLfAdItQyHQ9jMcsRv2jBQ=='],2,,2025-02-28 16:33:57,https://scontent-ssn1-1.cdninstagram.com/v/t51.2885-15/472427105_18056571158305493_4966793981539436250_n.jpg?stp=dst-jpg_e15_tt6&efg=eyJ2ZW5jb2RlX3RhZyI6ImltYWdlX3VybGdlbi43MjB4MTI4MC5zZHIuZjc1NzYxLmRlZmF1bHRfY292ZXJfZnJhbWUifQ&_nc_ht=scontent-ssn1-1.cdninstagram.com&_nc_cat=105&_nc_oc=Q6cZ2AFfT_YpsZbqWDx50orLwMaprB-Lfe72k9LmXqFjL6YK6JJKeaTcINeZb6A_3xnWNGk&_nc_ohc=aSdWZNlKx_0Q7kNvgE-ohLG&_nc_gid=3968bbf652c5475da6b5f66b94d98da3&edm=AFlAz-oBAAAA&ccb=7-5&ig_cache_key=MzUzNjAzNDQwMTM2MTU3OTkyMg%3D%3D.3-ccb7-5&oh=00_AYHHctlJLnZqJdDfNDAOdE51e9bZcBAuObYFb0oXRZrLKA&oe=67D00669&_nc_sid=76c0fc,
패션,gAAAAABnykVhypG87HaSypW5vHxj0ijyARZoLZKhqiK4e0KZ_EJqPbpp9W_xVGHWdXGcI1s5mhHqp12PZOJq6uw7F0-MdB8GvX9v13kZLgGZSwzs2qnE2NmiX3E1rtiuFfGVcfPdFBQJ6oYt5pCeUWa1uoH4QEp-ycSD4jvWjiM5XHvG8tCanQKJUFpc3jX2WMfh0HnMvtfJu_sxhmnPxZXQ5wJnkSrL_PNtRaa9FSfta2ErMFeSHHFfyk4n8gi_o5cuhApckmbOOpYZiufvnro8SYO3-bvu8VPQtJkE7V3x4hLWKdVs87qOAUlMqMpURbKZ9MKzGJaILDEwVCPsyxoeMHKEHLxAWNFC-86LFMNNTUGSuwCVweBzeJ9ii-saz-ga_A1YgoBsm-GGaFGhqsTjj_yoik3V_qvcFdtSsaFurv5MIoRC_dvjKEzv0Eqf-XSSyaUwuRH38LVJsMxGxby-MYbrVsqYxkNphYEk2mCTqFlIYknRfoPO1JJEZd-osiAoF1w7Hj3gJ1zBlEI6QC1if4NAC1nh9uqPmWDz_hWO9vrKHrQDa8booVrxMTnU1K9hmolZSTEJDFUth8Yt57g66BtJT_MlMfsMA6Q_j_tntz_teWSIcxo19cToodZ5_1-WRAih8jQ0jLqwF9IBOdsiSB75AHqi9PiiDv5HyAxDjl56aR2_6cqqoD_Y699jMGNA-eRhxNQOI-AhOozMyQ_R3WyWuTR-jf0WF1JI37mCgdODlMcl38dT2fHaoIaBaCALt3VTbb9q-UzYNPLLdfRNbpa8uU5BSvW5gpmAsf2XOb659UTT-DIwC29SE5HL4DwfVggdoEO2pLQ-4XaIWe0Nsfj2x6s1dO20fX-_sTkGbP0iVW5SxhAF1ohSJhy8SBQsc5xgwLvahyDbRkso8hqhHLyWDvQcWOQ5tNuZItnq74QiqhvuPtj-tnOxCgh1dEExcJMdIBLWEkIDmvuJHgYQD1c4tVOONl-4-e6i2UzogVJs2T1mvQ9jRG4MQAhrDRoCStpzb5OijlGWXEi4UphIo2SHW4DRr3P3M4pXxYRhHR4i4o_nyH6axd5J48o3ZF7qQSCQgZI_b83DunfGsxLnyoAVGY9Mh5uVs4DCNjEhjcuxJPZMlFhR8gKt8oBA5aLUgRkWTBaPcff5p03OlgXwinpGkE3hEsTXM9pAmqvctN-kdUKTh1yP5jbGV68yjO3yjX71YQiwOVzD-iMAJZD6MFibrgSUnn1i0z8QPU21ppuiM_iXtgfcvuXQiYDcv5u7s1FG-bAe64I1vg9JPKFgRiNgoZwBzyu7Y4McuykUh9RmWPLlnQjdRg8HI2ZVA9mHKdrjQFUUDCKJaUGsX_oTmLsWKqxIEgZwG8feUbRKl6IaMboWVnamcdgrPJ_VAYNI-HCOREvoovjX9hH_bFi_-Zc6_eCknTACgvIu9cw1HFa_TtB7IF9ZIpql4Dfyc5EF6kxvxL_OKFaH4PWbsZuYwg-qVG3aVrLbjnqzUPKa8y7DWVzxYAbCRaV3nDBb7kIqB4q9SEyuSR3gO1996EDhjxR-Up5BQvDYBPYVqla0bHP7XlmaBAei-eWh86Xv3V9-5Hb54E06wlo5IcfsMuApNgrzoFR_P2IMBCtuT53-GQjY0AFpdRLgtP5_WffVp3tuV73LUOdkNH-gSbdeP1vd_XVYWu7kiM_QgnfWKNXakv4Fga1MglBviIpAvGah54qza1N7TVvuPaS59X5HP8fNZekDDtafrtCDBz2IV4V1yuwtS1BQudnU8Siu9bRzK_SIqLh7XOeu_6OOeE4gDuRRLOCzHLNVLKkqUmfLvNsAygvr-H0jOlMsUb3f7-VLCsNtCRkDr5FuPRC24qJRz1KKOM8cdqGx2z4SUdRyLeF_9ukiILwnRu0Zk8YlLBFRB9Zect3yrqT-UGm80IecvMmrq-Ab7BI7dm6YHI9r7KYeZndwJHBFj3Ako1ch-oidm4NnCZLdGrQZgpUh_vDSCfIWBkaKli6z5qu2yGjJTWQE9Yn0yFL68QIcARDDeaOGUA6gBT6Qn8jmf0FjFk2gUh7aKpZu0TTUBmBmj54_E57G35JpsH3TbKNHdvlMmTlrW-6rhggxCUXT1KYtoUhqX-aXueEUEZiSow51jFtRYXQZzvx4Od0zgnkv5Ai0W0yeJs81IC-i3ytFqZfBBZqUga03XFq0bzBnT4ACgy-ZFYRxoa21Ozhl_UccZcVIb5FQ-UqIqCmUbjJ-rcgS6wfP4Vz5IMkFZ_eMoN5DyOf5nkaS_OP8y329GnvWDkz2iaPVKnHHmCZLJWweHXlNa_0ctvFVHMIxUcQcPBijfo_Cm1B5rZgksFmNf1YT4co2NrQldsWdSNNOmgtIHzGGxs6BxJOV4ex4bxtYAgAdys-n85VYpSLvCmfMWBAj5YAlIEDboIKb1vcZ399EHAMSZQdJ9qyEAZxEW9MkjqEV9RB6wBV3Mj5uFNnMTlFx1mAG4ECKwIs1ppAiAZM6t3ObI_Bsd0TMa8lwHHxNsODWPNJG-U847qj48e9J7cWJXfMsLiFf8KPLXzKKdbAPR9GZLrDPrnxLEoFbR5I8MB17aXWG2C6WI64AclS7fXbrjLh8p7aFCpArGBpLsDidVhUfXQQUoPa-u-IJ1E_DDatx7t0dlwixzCR_h2PrQpe5CZGLW3T0KdziyLVFGJqoijgEyuGcPZzr1D6F4CECp_pPUibwW7swr_0zN0Q6iE7lrLMgi67zpYCbDKrUXFK9XEWiBrmVAKC8J5VsjUiKN2GXoDFtR_Bw2HYXEtlh6JpskLFeO2nqhyg0I15M5BqtN936sQlTaGyspdT1YsXYHkCSUYoBN-ZPpH14SmTWzvk7BQevwE85dJU_GNMUn790mByJa_DBK1O44Uu4bq8sYsGU1ko_B-r5wYVlT67FvHL37EQnAOKtqX1zmmvl6mL1xx83nlpsO_fYKjyhJGNGhZ4QXpaB6C_Pn5HO2Y9MEEDX3qkgPvzLWrEE-G2w0jyZI0Kkp7UMQJe7vHPu2EzBu38NN1uGhMAJ1HFMzo1SxcU=,['gAAAAABnykVh7oekUgcpO0wzrJDohoxM1SJJQs6xYfcyGCaMD5cMvOsIeJFrc4p3KthmH6aLeqcUkxBJSn0uFWLfie4dA9g1zQ=='],2,,2025-02-28 16:33:57,https://scontent-ssn1-1.cdninstagram.com/v/t51.2885-15/472427105_18056571158305493_4966793981539436250_n.jpg?stp=dst-jpg_e15_tt6&efg=eyJ2ZW5jb2RlX3RhZyI6ImltYWdlX3VybGdlbi43MjB4MTI4MC5zZHIuZjc1NzYxLmRlZmF1bHRfY292ZXJfZnJhbWUifQ&_nc_ht=scontent-ssn1-1.cdninstagram.com&_nc_cat=105&_nc_oc=Q6cZ2AFfT_YpsZbqWDx50orLwMaprB-Lfe72k9LmXqFjL6YK6JJKeaTcINeZb6A_3xnWNGk&_nc_ohc=aSdWZNlKx_0Q7kNvgE-ohLG&_nc_gid=3968bbf652c5475da6b5f66b94d98da3&edm=AFlAz-oBAAAA&ccb=7-5&ig_cache_key=MzUzNjAzNDQwMTM2MTU3OTkyMg%3D%3D.3-ccb7-5&oh=00_AYHHctlJLnZqJdDfNDAOdE51e9bZcBAuObYFb0oXRZrLKA&oe=67D00669&_nc_sid=76c0fc,
